시도명,시군구명,도로종류,도로노선번호,도로노선명,도로노선방향,소재지도로명주소,소재지지번주소,위도,경도,신호기설치방식,도로형태,주도로여부,신호등관리번호,신호등구분,신호등색종류,신호등화방식,신호등화순서,신호등화시간,광원종류,신호제어방식,신호시간결정방식,점멸등운영여부,점멸등운영시작시각,점멸등운영종료시각,보행자작동신호기유무,잔여시간표시기유무,시각장애인용음향신호기유무,도로안내표지일련번호,관리기관명,관리기관전화번호,데이터기준일자,제공기관코드,제공기관명
경기도,수원시,시도,,월드컵로150번길,3,,경기도 수원시 영통구 원천동 620-13,37.27990812,127.051164,99,2,N,920,1,4,3,녹색/녹색화살표+황색+적색,36+3+111,2,3,1,Y,00:00,05:00,N,Y,Y,,수원시도시안전통합센터,031-5191-4432,2026-05-28,3740000,경기도 수원시
경기도,수원시,시도,,센트럴타운로,3,경기도 수원시 영통구 센트럴타운로 98,경기도 수원시 영통구 이의동 1325-4,37.2921508,127.0506527,99,2,N,919,1,4,3,녹색/녹색화살표+황색+적색,18+3+139,2,3,1,Y,00:00,06:00,N,Y,Y,,수원시도시안전통합센터,031-5191-4432,2026-05-28,3740000,경기도 수원시
경기도,수원시,시도,,센트럴타운로,3,경기도 수원시 영통구 센트럴타운로 114,경기도 수원시 영통구 이의동 1322-8,37.29300774,127.0495558,99,2,N,918,1,4,3,녹색/녹색화살표+황색+적색,47+3+110,2,3,1,Y,00:00,06:00,N,Y,Y,,수원시도시안전통합센터,031-5191-4432,2026-05-28,3740000,경기도 수원시
경기도,수원시,시도,,센트럴타운로100번길,3,경기도 수원시 영통구 센트럴타운로100번길 33,경기도 수원시 영통구 이의동 419-2,37.29349827,127.0512152,99,2,N,917,1,3,3,녹색화살표/적색+황색/적색+적색,65+3+92,2,3,1,Y,00:00,06:00,N,Y,Y,,수원시도시안전통합센터,031-5191-4432,2026-05-28,3740000,경기도 수원시
경기도,수원시,시도,,센트럴파크로,3,,경기도 수원시 영통구 이의동 1381-6,37.29235117,127.0577646,99,2,N,916,1,4,5,녹색+황색+녹색화살표/적색+황색/적색+적색,91+3+30+3+33,2,3,1,Y,00:00,06:00,N,Y,Y,,수원시도시안전통합센터,031-5191-4432,2026-05-28,3740000,경기도 수원시
경기도,수원시,시도,,센트럴파크로,3,,경기도 수원시 영통구 이의동 1380-11,37.29534156,127.0559044,99,2,N,915,1,4,5,녹색+황색+녹색화살표/적색+황색/적색+적색,97+3+22+3+35,2,3,1,Y,00:00,06:00,N,Y,Y,,수원시도시안전통합센터,031-5191-4432,2026-05-28,3740000,경기도 수원시
경기도,수원시,시도,,창룡대로298번길,3,,경기도 수원시 영통구 이의동 1379-3,37.29527978,127.0399866,99,2,N,914,1,1,1,황색,0,2,3,1,Y,00:00,23:59,N,Y,N,,수원시도시안전통합센터,031-5191-4432,2026-05-28,3740000,경기도 수원시
경기도,수원시,시도,,광교로,3,,경기도 수원시 영통구 이의동 433-2,37.29676448,127.0497247,99,2,N,913,1,4,5,녹색/녹색화살표+녹색/황색+녹색+황색+적색,35+3+37+3+82,2,3,1,N,00:00,00:00,N,Y,Y,,수원시도시안전통합센터,031-5191-4432,2026-05-28,3740000,경기도 수원시
경기도,수원시,시도,,대학4로,3,,경기도 수원시 영통구 이의동 453,37.29876996,127.0486617,99,2,N,912,1,1,1,황색,0,2,3,1,Y,00:00,23:59,N,Y,Y,,수원시도시안전통합센터,031-5191-4432,2026-05-28,3740000,경기도 수원시
경기도,수원시,시도,,대학4로,3,,경기도 수원시 영통구 이의동 1378-3,37.29920508,127.0476618,99,2,N,911,1,4,5,녹색/녹색화살표+녹색/황색+녹색+황색+적색,22+3+41+3+91,2,3,1,Y,00:00,06:00,N,Y,Y,,수원시도시안전통합센터,031-5191-4432,2026-05-28,3740000,경기도 수원시
경기도,수원시,시도,,대학4로,3,,경기도 수원시 영통구 이의동 1378-1,37.30032345,127.0454899,99,2,N,910,1,1,1,황색,0,2,3,1,Y,00:00,23:59,N,Y,Y,,수원시도시안전통합센터,031-5191-4432,2026-05-28,3740000,경기도 수원시
경기도,수원시,시도,,대학3로,3,,경기도 수원시 영통구 이의동 1255,37.3007678,127.0421796,99,2,N,909,1,4,5,녹색+황색+녹색화살표/적색+황색/적색+적색,103+3+26+3+25,2,3,1,Y,17:00,07:00,N,Y,Y,,수원시도시안전통합센터,031-5191-4432,2026-05-28,3740000,경기도 수원시
경기도,수원시,시도,,대학로,3,경기도 수원시 영통구 대학2로 2,경기도 수원시 영통구 이의동 1275,37.29886823,127.0432002,99,2,N,908,1,4,3,녹색/녹색화살표+황색+적색,38+3+119,2,3,1,N,00:00,00:00,N,Y,Y,,수원시도시안전통합센터,031-5191-4432,2026-05-28,3740000,경기도 수원시
경기도,수원시,시도,,대학로,3,경기도 수원시 영통구 대학로 46,경기도 수원시 영통구 이의동 1258-1,37.299994,127.0443081,99,1,N,907,1,3,3,녹색+황색+적색,131+3+26,2,3,1,N,00:00,00:00,N,Y,Y,,수원시도시안전통합센터,031-5191-4432,2026-05-28,3740000,경기도 수원시
경기도,수원시,시도,,월드컵로,3,,경기도 수원시 영통구 원천동 625,37.27525056,127.0604309,99,2,N,943,1,4,5,녹색/녹색화살표+녹색/황색+녹색+황색+적색,14+3+15+3+145,2,3,1,N,00:00,00:00,N,Y,Y,,수원시도시안전통합센터,031-5191-4432,2026-05-28,3740000,경기도 수원시
경기도,수원시,시도,,월드컵로42번길,3,,경기도 수원시 영통구 원천동 625-1,37.27510228,127.0614757,99,2,N,942,1,4,4,녹색+녹색/녹색화살표+황색+적색,84+36+3+57,2,3,1,Y,00:00,05:00,N,Y,Y,,수원시도시안전통합센터,031-5191-4432,2026-05-28,3740000,경기도 수원시
경기도,수원시,시도,,월드컵로42번길,3,,경기도 수원시 영통구 원천동 625-1,37.27510228,127.0614757,99,2,N,941,1,4,5,녹색+황색+녹색화살표/적색+황색/적색+적색,27+3+12+3+45,2,3,1,N,00:00,00:00,N,Y,Y,,수원시도시안전통합센터,031-5191-4432,2026-05-28,3740000,경기도 수원시
경기도,수원시,시도,,광교호수로,3,경기도 수원시 영통구 광교호수로 84,경기도 수원시 영통구 하동 1034,37.27601134,127.0676006,99,2,N,940,1,4,5,녹색/녹색화살표+녹색/황색+녹색+황색+적색,27+3+77+3+40,2,3,1,N,00:00,00:00,N,Y,Y,,수원시도시안전통합센터,031-5191-4432,2026-05-28,3740000,경기도 수원시
경기도,수원시,시도,,광교호수로,3,,경기도 수원시 영통구 하동 1047,37.28100411,127.0696266,99,2,N,939,1,4,5,녹색/녹색화살표+녹색/황색+녹색+황색+적색,20+3+45+3+79,2,3,1,N,00:00,00:00,N,Y,Y,,수원시도시안전통합센터,031-5191-4432,2026-05-28,3740000,경기도 수원시
경기도,수원시,시도,,광교호수로,3,,경기도 수원시 영통구 원천동 596,37.27270031,127.063968,99,2,N,938,1,4,4,녹색+녹색/녹색화살표+황색+적색,85+32+3+60,2,3,1,N,00:00,00:00,N,Y,Y,,수원시도시안전통합센터,031-5191-4432,2026-05-28,3740000,경기도 수원시
경기도,수원시,시도,,광교중앙로,3,,경기도 수원시 영통구 원천동 620-16,37.28494502,127.056200,99,2,N,937,1,4,5,녹색/녹색화살표+녹색/황색+녹색+황색+적색,18+3+38+3+98,2,3,1,N,00:00,00:00,N,Y,Y,,수원시도시안전통합센터,031-5191-4432,2026-05-28,3740000,경기도 수원시
경기도,수원시,시도,,혜령로,3,,경기도 수원시 영통구 이의동 1371,37.28350109,127.0522069,99,1,N,936,1,3,3,녹색+황색+적색,69+3+29,2,3,1,N,00:00,00:00,N,Y,Y,,수원시도시안전통합센터,031-5191-4432,2026-05-28,3740000,경기도 수원시
경기도,수원시,시도,,에듀타운로,3,경기도 수원시 영통구 에듀타운로 17,경기도 수원시 영통구 이의동 1369-2,37.2845339,127.052322,99,2,N,935,1,4,3,녹색/녹색화살표+황색+적색,15+3+142,2,3,1,N,00:00,00:00,N,Y,Y,,수원시도시안전통합센터,031-5191-4432,2026-05-28,3740000,경기도 수원시
경기도,수원시,시도,,도청로17번길,3,,경기도 수원시 영통구 이의동 1381-20,37.28387405,127.0521098,99,2,N,934,1,4,5,녹색+황색+녹색화살표/적색+황색/적색+적색,60+3+20+3+74,2,3,1,N,00:00,00:00,N,Y,Y,,수원시도시안전통합센터,031-5191-4432,2026-05-28,3740000,경기도 수원시
경기도,수원시,시도,,도청로,3,,경기도 수원시 영통구 이의동 1109-7,37.2863193,127.054584,99,2,N,933,1,4,5,녹색+황색+녹색화살표/적색+황색/적색+적색,45+3+26+3+83,2,3,1,N,00:00,00:00,N,Y,Y,,수원시도시안전통합센터,031-5191-4432,2026-05-28,3740000,경기도 수원시
경기도,수원시,시도,,센트럴타운로22번길,3,,경기도 수원시 영통구 이의동 194-2,37.28730705,127.0553697,99,1,N,932,1,4,5,녹색/녹색화살표+녹색/황색+녹색+황색+적색,22+3+66+3+66,2,3,1,N,00:00,00:00,N,Y,Y,,수원시도시안전통합센터,031-5191-4432,2026-05-28,3740000,경기도 수원시
경기도,수원시,시도,,센트럴타운로,3,경기도 수원시 영통구 센트럴타운로 22,경기도 수원시 영통구 이의동 1328-1,37.28969068,127.0567254,99,2,N,931,1,4,3,녹색/녹색화살표+황색+적색,38+3+139,2,3,1,Y,00:00,05:00,N,Y,Y,,수원시도시안전통합센터,031-5191-4432,2026-05-28,3740000,경기도 수원시
경기도,수원시,시도,,센트럴타운로22번길,3,,경기도 수원시 영통구 이의동 1381-8,37.28980935,127.0581565,99,2,N,930,1,3,3,녹색+황색+적색,68+3+109,2,3,1,Y,00:00,05:00,N,Y,Y,,수원시도시안전통합센터,031-5191-4432,2026-05-28,3740000,경기도 수원시
경기도,수원시,시도,,센트럴파크로,3,,경기도 수원시 영통구 이의동 1381-6,37.29235117,127.0577646,99,2,N,929,1,4,5,녹색+황색+녹색화살표/적색+황색/적색+적색,40+3+14+3+100,2,3,1,N,00:00,00:00,N,Y,Y,,수원시도시안전통합센터,031-5191-4432,2026-05-28,3740000,경기도 수원시
경기도,수원시,시도,,도청로,3,,경기도 수원시 영통구 이의동 292-5,37.289245,127.050670,99,2,N,928,1,4,5,녹색/녹색화살표+녹색/황색+녹색+황색+적색,17+3+36+3+101,2,3,1,N,00:00,00:00,N,Y,Y,,수원시도시안전통합센터,031-5191-4432,2026-05-28,3740000,경기도 수원시
경기도,수원시,시도,,도청로,3,,경기도 수원시 영통구 이의동 1381-12,37.28990043,127.0514917,99,1,N,927,1,3,3,녹색+황색+적색,51+3+26,2,3,1,N,00:00,00:00,N,Y,Y,,수원시도시안전통합센터,031-5191-4432,2026-05-28,3740000,경기도 수원시
경기도,수원시,시도,,센트럴타운로,3,,경기도 수원시 영통구 이의동 177-9,37.28959397,127.0534552,99,2,N,926,1,1,1,황색,0,2,3,1,Y,00:00,23:59,N,Y,Y,,수원시도시안전통합센터,031-5191-4432,2026-05-28,3740000,경기도 수원시
경기도,수원시,시도,,센트럴타운로,3,,경기도 수원시 영통구 이의동 1326-3,37.29054583,127.0526182,99,2,N,925,1,4,5,녹색/녹색화살표+녹색/황색+녹색+황색+적색,25+3+35+3+94,2,3,1,Y,00:00,06:00,N,Y,Y,,수원시도시안전통합센터,031-5191-4432,2026-05-28,3740000,경기도 수원시
경기도,수원시,시도,,에듀타운로,3,,경기도 수원시 영통구 이의동 1348,37.28978266,127.0464151,99,2,N,924,1,4,3,녹색/녹색화살표+황색+적색,47+3+110,2,3,1,Y,00:00,05:00,N,Y,Y,,수원시도시안전통합센터,031-5191-4432,2026-05-28,3740000,경기도 수원시
경기도,수원시,시도,,에듀타운로,3,,경기도 수원시 영통구 이의동 1347-4,37.28916144,127.0472118,99,2,N,923,1,4,5,녹색+황색+녹색화살표/적색+황색/적색+적색,87+3+32+3+35,2,3,1,Y,00:00,05:00,N,Y,Y,,수원시도시안전통합센터,031-5191-4432,2026-05-28,3740000,경기도 수원시
경기도,수원시,시도,,동수원로,3,경기도 수원시 영통구 동수원로 512,경기도 수원시 영통구 매탄동 196,37.27269967,127.046699,99,1,N,922,1,3,3,녹색+황색+적색,129+3+48,2,3,1,N,00:00,00:00,N,Y,Y,,수원시도시안전통합센터,031-5191-4432,2026-05-28,3740000,경기도 수원시
경기도,수원시,시도,,도청로,3,,경기도 수원시 영통구 이의동 1381-11,37.29124071,127.0479664,99,2,N,921,1,4,5,녹색+황색+녹색화살표/적색+황색/적색+적색,67+3+25+3+62,2,3,1,N,00:00,00:00,N,Y,Y,,수원시도시안전통합센터,031-5191-4432,2026-05-28,3740000,경기도 수원시
경기도,수원시,시도,,월드컵로,3,,경기도 수원시 영통구 원천동 621-1,37.27370984,127.0574804,99,2,N,945,1,4,5,녹색/녹색화살표+녹색/황색+녹색+황색+적색,21+3+57+3+96,2,3,1,Y,00:00,06:00,N,Y,Y,,수원시도시안전통합센터,031-5191-4432,2026-05-28,3740000,경기도 수원시
경기도,수원시,시도,,중부대로,3,,경기도 수원시 영통구 원천동 625-3,37.27143994,127.058386,99,2,Y,944,1,4,5,녹색+황색+녹색화살표/적색+황색/적색+적색,98+3+32+3+44,2,3,1,N,00:00,00:00,N,Y,Y,,수원시도시안전통합센터,031-5191-4432,2026-05-28,3740000,경기도 수원시
경기도,수원시,시도,,광교중앙로248번길,3,경기도 수원시 영통구 광교중앙로248번길 7-1,경기도 수원시 영통구 하동 986,37.29199639,127.0676124,99,2,N,968,1,1,1,황색,0,2,3,1,Y,00:00,23:59,N,Y,Y,,수원시도시안전통합센터,031-5191-4432,2026-05-28,3740000,경기도 수원시
경기도,수원시,시도,,광교중앙로,3,경기도 수원시 영통구 광교중앙로 250,경기도 수원시 영통구 하동 983,37.29231786,127.0674909,99,2,N,967,1,4,5,녹색+황색+녹색화살표/적색+황색/적색+적색,64+3+23+3+67,2,3,1,N,00:00,00:00,N,Y,Y,,수원시도시안전통합센터,031-5191-4432,2026-05-28,3740000,경기도 수원시
경기도,수원시,시도,,광교호수로,3,,경기도 수원시 영통구 하동 1049-2,37.2940393,127.0798222,99,2,N,949,1,4,3,녹색/녹색화살표+황색+적색,57+3+100,2,3,1,N,00:00,00:00,N,N,N,,수원시도시안전통합센터,031-5191-4432,2026-05-28,3740000,경기도 수원시
경기도,수원시,시도,,월드컵로150번길,3,,경기도 수원시 영통구 원천동 620-13,37.27990812,127.051164,99,2,N,948,1,4,3,녹색/녹색화살표+황색+적색,50+3+97,2,3,1,Y,00:00,05:00,N,Y,Y,,수원시도시안전통합센터,031-5191-4432,2026-05-28,3740000,경기도 수원시
경기도,수원시,시도,,광교중앙로,3,,경기도 수원시 영통구 원천동 622,37.27443393,127.0497631,99,1,N,947,1,3,3,녹색+황색+적색,145+3+32,2,3,1,N,00:00,00:00,N,Y,Y,,수원시도시안전통합센터,031-5191-4432,2026-05-28,3740000,경기도 수원시
경기도,수원시,시도,,덕영대로1555번길,3,경기도 수원시 영통구 영통로290번길 26,경기도 수원시 영통구 영통동 972-2,37.25092566,127.0625879,99,1,N,642,1,3,3,녹색+황색+적색,120+3+37,2,3,1,Y,00:00,05:00,N,Y,N,,수원시도시안전통합센터,031-5191-4432,2026-05-28,3740000,경기도 수원시
경기도,수원시,시도,,봉영로1517번길,3,경기도 수원시 영통구 봉영로1517번길 40,경기도 수원시 영통구 영통동 967-4,37.24989846,127.0660942,99,1,N,641,1,3,3,녹색+황색+적색,117+3+40,2,3,1,Y,00:00,05:00,N,Y,N,,수원시도시안전통합센터,031-5191-4432,2026-05-28,3740000,경기도 수원시
경기도,수원시,시도,,봉영로1517번길,3,경기도 수원시 영통구 봉영로1517번길 76,경기도 수원시 영통구 영통동 968,37.25105346,127.0645368,99,2,N,640,1,4,5,녹색+황색+적색/녹색화살표+적색/황색+적색,37+3+20+3+97,2,3,1,N,00:00,00:00,N,Y,N,,수원시도시안전통합센터,031-5191-4432,2026-05-28,3740000,경기도 수원시
경기도,수원시,시도,,매영로310번길,3,경기도 수원시 영통구 매영로310번길 46,경기도 수원시 영통구 영통동 964-4,37.25248392,127.0654298,99,1,N,639,1,3,3,녹색+황색+적색,53+3+34,2,3,1,Y,00:00,05:00,N,Y,N,,수원시도시안전통합센터,031-5191-4432,2026-05-28,3740000,경기도 수원시
경기도,수원시,시도,,청명로,3,,경기도 수원시 영통구 영통동 961-2,37.25689069,127.072881,99,1,N,638,1,3,3,녹색+황색+적색,66+3+31,2,3,1,N,00:00,00:00,N,Y,N,,수원시도시안전통합센터,031-5191-4432,2026-05-28,3740000,경기도 수원시
경기도,수원시,시도,,영통로,3,,경기도 수원시 영통구 영통동 957-5,37.25781502,127.0722033,99,2,N,637,1,4,5,녹색+황색+적색/녹색화살표+적색/황색+적색,40+3+25+3+29,2,3,1,Y,00:00,05:00,N,Y,Y,,수원시도시안전통합센터,031-5191-4432,2026-05-28,3740000,경기도 수원시
경기도,수원시,시도,,영통로,3,경기도 수원시 영통구 영통로 500-1,경기도 수원시 영통구 영통동 1057-1,37.2633295,127.0777966,99,1,N,636,1,3,3,녹색+황색+적색,116+3+31,2,3,1,Y,00:00,05:00,N,Y,N,,수원시도시안전통합센터,031-5191-4432,2026-05-28,3740000,경기도 수원시
경기도,수원시,시도,,영통로,3,경기도 수원시 영통구 영통로 500-1,경기도 수원시 영통구 영통동 1057-1,37.2633295,127.0777966,99,2,N,635,1,3,3,녹색+황색+적색,59+3+88,2,3,1,Y,00:00,06:00,N,N,N,,수원시도시안전통합센터,031-5191-4432,2026-05-28,3740000,경기도 수원시
경기도,수원시,시도,,영통로,3,경기도 수원시 영통구 영통로 500-1,경기도 수원시 영통구 영통동 1057-1,37.2633295,127.0777966,99,1,N,634,1,4,5,녹색+황색+적색/녹색화살표+적색/황색+적색,117+3+27+3+0,2,3,1,Y,00:00,06:00,N,Y,N,,수원시도시안전통합센터,031-5191-4432,2026-05-28,3740000,경기도 수원시
경기도,수원시,시도,,영통로,3,경기도 수원시 영통구 영통로 500-1,경기도 수원시 영통구 영통동 1057-1,37.2633295,127.077710,99,2,N,633,1,4,3,녹색/녹색화살표+황색+적색,24+3+123,2,3,1,Y,00:00,05:00,N,Y,N,,수원시도시안전통합센터,031-5191-4432,2026-05-28,3740000,경기도 수원시
경기도,수원시,시도,,봉영로1744번길,3,경기도 수원시 영통구 봉영로1744번길 37,경기도 수원시 영통구 영통동 1053-5,37.26491079,127.0845568,99,1,N,632,1,3,3,녹색+황색+적색,3+3+30,2,3,1,N,00:00,00:00,Y,Y,N,,수원시도시안전통합센터,031-5191-4432,2026-05-28,3740000,경기도 수원시
경기도,수원시,시도,,청명북로,3,경기도 수원시 영통구 청명북로 83,경기도 수원시 영통구 영통동 1048-5,37.2586042,127.0800403,99,1,N,631,1,3,3,녹색+황색+적색,103+3+24,2,3,1,N,00:00,00:00,N,N,N,,수원시도시안전통합센터,031-5191-4432,2026-05-28,3740000,경기도 수원시
경기도,수원시,시도,,청명북로,3,,경기도 수원시 영통구 영통동 1087,37.25390877,127.0788323,99,2,N,630,1,3,3,녹색+황색+적색,93+3+34,2,3,1,N,00:00,00:00,N,N,N,,수원시도시안전통합센터,031-5191-4432,2026-05-28,3740000,경기도 수원시
경기도,수원시,시도,,광교중앙로266번길,3,경기도 수원시 영통구 법조로149번길 150,경기도 수원시 영통구 하동 979,37.29179244,127.0698736,99,2,N,971,1,1,1,황색,0,2,3,1,Y,00:00,23:59,N,N,Y,,수원시도시안전통합센터,031-5191-4432,2026-05-28,3740000,경기도 수원시
경기도,수원시,시도,,광교중앙로266번길,3,경기도 수원시 영통구 법조로149번길 122,경기도 수원시 영통구 하동 969-2,37.29292507,127.0690537,99,2,N,970,1,4,3,녹색/녹색화살표+황색+적색,27+3+130,2,3,1,Y,16:30,09:30,N,Y,Y,,수원시도시안전통합센터,031-5191-4432,2026-05-28,3740000,경기도 수원시
경기도,수원시,시도,,광교중앙로248번길,3,경기도 수원시 영통구 광교중앙로248번길 7-8,경기도 수원시 영통구 하동 989-3,37.2911282,127.0672987,99,2,N,969,1,3,3,녹색+황색+적색,21+3+66,2,3,1,Y,18:00,09:00,N,Y,Y,,수원시도시안전통합센터,031-5191-4432,2026-05-28,3740000,경기도 수원시
경기도,수원시,시도,,매탄로,3,경기도 수원시 영통구 매탄로 106,경기도 수원시 영통구 매탄동 1261-1,37.26010058,127.043589,99,2,N,665,1,3,3,녹색+황색+적색,122+3+35,2,3,1,Y,00:00,05:00,N,N,N,,수원시도시안전통합센터,031-5191-4432,2026-05-28,3740000,경기도 수원시
경기도,수원시,시도,,동탄원천로915번길,3,경기도 수원시 영통구 동탄원천로881번길 76,경기도 수원시 영통구 매탄동 1279-1,37.25644622,127.0431047,99,2,N,664,1,4,4,녹색+녹색/녹색화살표+황색+적색,35+10+3+72,2,3,1,Y,00:00,05:00,N,Y,N,,수원시도시안전통합센터,031-5191-4432,2026-05-28,3740000,경기도 수원시
경기도,수원시,시도,,매탄로,3,경기도 수원시 영통구 매탄로 69,경기도 수원시 영통구 매탄동 1273-2,37.25733015,127.0415679,99,2,N,663,1,4,5,녹색/녹색화살표+녹색/황색+녹색+황색+적색,25+3+67+3+82,2,3,1,N,00:00,00:00,N,Y,N,,수원시도시안전통합센터,031-5191-4432,2026-05-28,3740000,경기도 수원시
경기도,수원시,시도,,삼성로,3,,경기도 수원시 영통구 신동 496-9,37.24819629,127.0489474,99,2,N,654,1,4,3,녹색/녹색화살표+황색+적색,64+3+113,2,3,1,N,00:00,00:00,N,Y,N,,수원시도시안전통합센터,031-5191-4432,2026-05-28,3740000,경기도 수원시
경기도,수원시,시도,,삼성로,3,,경기도 수원시 영통구 매탄동 569-13,37.2550271,127.0544888,99,2,N,653,1,4,3,녹색/녹색화살표+황색+적색,54+3+123,2,3,1,N,00:00,00:00,N,Y,N,,수원시도시안전통합센터,031-5191-4432,2026-05-28,3740000,경기도 수원시
경기도,수원시,시도,,삼성로,3,,경기도 수원시 영통구 매탄동 436-61,37.25805045,127.0570712,99,2,N,652,1,4,5,녹색/녹색화살표+녹색/황색+녹색+황색+적색,22+3+97+3+55,2,3,1,N,00:00,00:00,N,Y,N,,수원시도시안전통합센터,031-5191-4432,2026-05-28,3740000,경기도 수원시
경기도,수원시,시도,,삼성로,3,,경기도 수원시 영통구 매탄동 399-13,37.26155597,127.0597915,99,2,N,651,1,4,5,녹색/녹색화살표+녹색/황색+녹색+황색+적색,20+3+37+3+117,2,3,1,N,00:00,00:00,N,Y,N,,수원시도시안전통합센터,031-5191-4432,2026-05-28,3740000,경기도 수원시
경기도,수원시,시도,,삼성로,3,,경기도 수원시 영통구 원천동 339-7,37.26428919,127.061512,99,2,N,649,1,4,5,녹색/녹색화살표+녹색/황색+녹색+황색+적색,22+3+37+3+115,2,3,1,N,00:00,00:00,N,Y,N,,수원시도시안전통합센터,031-5191-4432,2026-05-28,3740000,경기도 수원시
경기도,수원시,시도,,삼성로,3,,경기도 수원시 영통구 원천동 255-1,37.26572155,127.0632059,99,2,N,648,1,4,5,녹색+황색+적색/녹색화살표+적색/황색+적색,98+3+37+3+39,2,3,1,N,00:00,00:00,N,Y,N,,수원시도시안전통합센터,031-5191-4432,2026-05-28,3740000,경기도 수원시
경기도,수원시,시도,,삼성로,3,,경기도 수원시 영통구 원천동 320-7,37.26675669,127.0654882,99,2,N,647,1,4,5,녹색+황색+적색/녹색화살표+적색/황색+적색,95+3+38+3+41,2,3,1,N,00:00,00:00,N,Y,N,,수원시도시안전통합센터,031-5191-4432,2026-05-28,3740000,경기도 수원시
경기도,수원시,시도,,삼성로,3,,경기도 수원시 영통구 원천동 298-23,37.26734894,127.0676307,99,2,N,646,1,4,5,녹색+황색+적색/녹색화살표+적색/황색+적색,113+3+36+3+25,2,3,1,N,00:00,00:00,N,Y,N,,수원시도시안전통합센터,031-5191-4432,2026-05-28,3740000,경기도 수원시
경기도,수원시,시도,,영통로,3,,경기도 수원시 영통구 영통동 1057-2,37.25130207,127.0600583,99,1,N,645,1,3,3,녹색+황색+적색,122+3+35,2,3,1,Y,00:00,05:00,N,Y,N,,수원시도시안전통합센터,031-5191-4432,2026-05-28,3740000,경기도 수원시
경기도,수원시,시도,,신원로,3,,경기도 수원시 영통구 매탄동 549-2,37.25296965,127.0600411,99,2,N,644,1,1,1,황색,0,2,3,1,Y,00:00,23:59,N,N,N,,수원시도시안전통합센터,031-5191-4432,2026-05-28,3740000,경기도 수원시
경기도,수원시,시도,,영통로,3,경기도 수원시 영통구 영통로 285,경기도 수원시 영통구 신동 275-1,37.25211394,127.0603671,99,2,N,643,1,4,5,녹색+황색+적색/녹색화살표+적색/황색+적색,54+3+32+3+68,2,3,1,Y,00:00,05:00,N,N,N,,수원시도시안전통합센터,031-5191-4432,2026-05-28,3740000,경기도 수원시
경기도,수원시,시도,,월드컵로,3,경기도 수원시 영통구 월드컵로 95,경기도 수원시 영통구 원천동 99-2,37.27414347,127.0535276,99,2,N,677,1,4,5,녹색/녹색화살표+녹색/황색+녹색+황색+적색,12+3+65+3+97,2,3,1,N,00:00,00:00,N,Y,Y,,수원시도시안전통합센터,031-5191-4432,2026-05-28,3740000,경기도 수원시
경기도,수원시,시도,,매탄로,3,경기도 수원시 영통구 매탄로178번길 1,경기도 수원시 영통구 매탄동 208-17,37.26620017,127.0460205,99,1,N,669,1,3,3,녹색+황색+적색,32+3+25,2,3,1,Y,00:00,05:00,N,Y,N,,수원시도시안전통합센터,031-5191-4432,2026-05-28,3740000,경기도 수원시
경기도,수원시,시도,,동탄원천로,3,,경기도 수원시 영통구 매탄동 15191-7,37.265936,127.055191,99,2,N,668,1,4,4,녹색+녹색/녹색화살표+황색+적색,119+17+3+41,2,3,1,N,00:00,00:00,N,Y,N,,수원시도시안전통합센터,031-5191-4432,2026-05-28,3740000,경기도 수원시
경기도,수원시,시도,,매탄로126번길,3,,경기도 수원시 영통구 매탄동 1315,37.26147847,127.046242,99,1,N,667,1,3,4,녹색+녹색+황색+적색,31+17+3+39,2,3,1,Y,00:00,05:00,N,Y,N,,수원시도시안전통합센터,031-5191-4432,2026-05-28,3740000,경기도 수원시
경기도,수원시,시도,,매탄로,3,,경기도 수원시 영통구 매탄동 1352-8,37.26277261,127.0435459,99,2,N,666,1,4,5,녹색+황색+적색/녹색화살표+적색/황색+적색,31+3+12+3+111,2,3,1,Y,00:00,05:00,N,Y,N,,수원시도시안전통합센터,031-5191-4432,2026-05-28,3740000,경기도 수원시
경기도,수원시,시도,,중부대로,3,,경기도 수원시 영통구 원천동 600-6,37.26942198,127.0637599,99,2,Y,62,1,4,5,녹색+황색+녹색화살표/적색+적색/황색+적색,107+3+47+3+20,2,3,1,N,00:00,00:00,N,Y,Y,,수원시도시안전통합센터,031-5191-4432,2026-05-28,3740000,경기도 수원시
경기도,수원시,시도,,매영로,3,경기도 수원시 영통구 매영로310번길 35-1,경기도 수원시 영통구 영통동 1062,37.25246538,127.0660349,99,1,N,61,1,3,3,녹색+황색+적색,35+3+142,2,3,1,Y,01:00,05:00,N,Y,N,,수원시도시안전통합센터,031-5191-4432,2026-05-28,3740000,경기도 수원시
경기도,수원시,시도,,봉영로,3,경기도 수원시 영통구 봉영로 1766-1,경기도 수원시 영통구 영통동 1055,37.26666224,127.0823822,99,2,Y,60,1,4,5,녹색+황색+녹색화살표/적색+적색/황색+적색,101+3+49+3+24,2,3,1,N,00:00,00:00,N,Y,N,,수원시도시안전통합센터,031-5191-4432,2026-05-28,3740000,경기도 수원시
경기도,수원시,시도,,매영로,3,경기도 수원시 영통구 매영로310번길 35-1,경기도 수원시 영통구 영통동 1062,37.25246538,127.0660349,99,2,N,59,1,4,4,녹색+녹색/녹색화살표+황색+적색,62+35+3+60,2,3,1,N,00:00,00:00,N,Y,N,,수원시도시안전통합센터,031-5191-4432,2026-05-28,3740000,경기도 수원시
경기도,수원시,시도,,매영로,3,,경기도 수원시 영통구 영통동 1076,37.24957207,127.0742729,99,2,N,58,1,4,4,녹색+녹색/녹색화살표+황색+적색,45+12+3+120,2,3,1,Y,00:00,05:00,N,Y,Y,,수원시도시안전통합센터,031-5191-4432,2026-05-28,3740000,경기도 수원시
경기도,수원시,시도,,봉영로,3,경기도 수원시 영통구 봉영로 1766-1,경기도 수원시 영통구 영통동 1055,37.26666224,127.0823822,99,2,Y,57,1,4,4,녹색+녹색/녹색화살표+황색+적색,32+25+3+120,2,3,1,N,00:00,00:00,N,Y,N,,수원시도시안전통합센터,031-5191-4432,2026-05-28,3740000,경기도 수원시
경기도,수원시,시도,,덕영대로,3,경기도 수원시 영통구 덕영대로 1520,경기도 수원시 영통구 영통동 1069,37.24568415,127.0573362,99,2,Y,56,1,4,4,녹색+녹색/녹색화살표+황색+적색,20+27+3+130,2,3,1,N,00:00,00:00,N,N,N,,수원시도시안전통합센터,031-5191-4432,2026-05-28,3740000,경기도 수원시
경기도,수원시,시도,,봉영로,3,,경기도 수원시 영통구 영통동 1048-1,37.25922675,127.0791695,99,2,Y,55,1,4,5,녹색/녹색화살표+황색/녹색+녹색+황색+적색,20+3+44+3+110,2,3,1,N,00:00,00:00,N,Y,N,,수원시도시안전통합센터,031-5191-4432,2026-05-28,3740000,경기도 수원시
경기도,수원시,시도,,봉영로,3,,경기도 수원시 영통구 영통동 1053-1,37.26565416,127.082493,99,2,Y,54,1,4,5,녹색/녹색화살표+황색/녹색+녹색+황색+적색,17+3+44+3+113,2,3,1,N,00:00,00:00,N,Y,Y,,수원시도시안전통합센터,031-5191-4432,2026-05-28,3740000,경기도 수원시
경기도,수원시,시도,,봉영로,3,경기도 수원시 영통구 봉영로 1766-1,경기도 수원시 영통구 영통동 1055,37.26666224,127.0823822,99,2,Y,53,1,4,5,녹색화살표/적색+적색/황색+녹색+황색+적색,15+3+130+3+29,2,3,1,N,00:00,00:00,N,Y,N,,수원시도시안전통합센터,031-5191-4432,2026-05-28,3740000,경기도 수원시
경기도,수원시,시도,,봉영로,3,경기도 수원시 영통구 봉영로 1766-1,경기도 수원시 영통구 영통동 1055,37.26666224,127.0823822,99,2,Y,52,1,4,5,녹색+황색+녹색화살표/적색+적색/황색+적색,32+3+28+3+114,2,3,1,N,00:00,00:00,N,Y,Y,,수원시도시안전통합센터,031-5191-4432,2026-05-28,3740000,경기도 수원시
경기도,수원시,시도,,월드컵로,3,경기도 수원시 영통구 월드컵로 199,경기도 수원시 영통구 원천동 13-4,37.2792047,127.0441422,99,2,N,87,1,4,5,녹색/녹색화살표+녹색/황색+녹색+황색+적색,19+3+27+3+108,2,3,1,N,00:00,00:00,N,Y,Y,,수원시도시안전통합센터,031-5191-4432,2026-05-28,3740000,경기도 수원시
경기도,수원시,시도,,삼성로,3,,경기도 수원시 영통구 신동 950-2,37.2467039,127.0476047,99,2,N,86,1,4,5,녹색/녹색화살표+녹색/황색+녹색+황색+적색,24+3+28+3+122,2,3,1,N,00:00,00:00,N,Y,Y,,수원시도시안전통합센터,031-5191-4432,2026-05-28,3740000,경기도 수원시
경기도,수원시,시도,,권선로,3,,경기도 수원시 영통구 신동 532-20,37.24976933,127.0442212,99,2,Y,85,1,4,5,녹색+황색+녹색화살표/적색+적색/황색+적색,104+3+34+3+36,2,3,1,N,00:00,00:00,N,Y,Y,,수원시도시안전통합센터,031-5191-4432,2026-05-28,3740000,경기도 수원시
경기도,수원시,시도,,권선로,3,,경기도 수원시 영통구 신동 532-20,37.24976933,127.0442212,99,2,Y,83,1,4,99,녹색+녹색/녹색화살표+황색/녹색화살표+녹색화살표/적색+적색/황색+적색,113+7+3+34+3+20,2,3,1,N,00:00,00:00,N,Y,N,,수원시도시안전통합센터,031-5191-4432,2026-05-28,3740000,경기도 수원시
경기도,수원시,시도,,동탄원천로,3,,경기도 수원시 영통구 매탄동 1339,37.25483947,127.0449056,99,2,N,82,1,4,5,녹색/녹색화살표+황색/녹색+녹색+황색+적색,25+3+109+3+40,2,3,1,N,00:00,00:00,N,Y,N,,수원시도시안전통합센터,031-5191-4432,2026-05-28,3740000,경기도 수원시
경기도,수원시,시도,,동탄원천로,3,,경기도 수원시 영통구 매탄동 1329,37.25853729,127.0458208,99,2,N,81,1,4,3,녹색/녹색화살표+황색+적색,22+3+155,2,3,1,N,00:00,00:00,N,Y,N,,수원시도시안전통합센터,031-5191-4432,2026-05-28,3740000,경기도 수원시
경기도,수원시,시도,,동탄원천로,3,경기도 수원시 영통구 매탄로 159-1,경기도 수원시 영통구 매탄동 916,37.26467536,127.0450284,99,2,N,79,1,4,99,녹색화살표/적색+녹색/녹색화살표+황색/녹색+녹색+황색+적색,12+17+3+57+3+88,2,3,1,N,00:00,00:00,N,Y,Y,,수원시도시안전통합센터,031-5191-4432,2026-05-28,3740000,경기도 수원시
경기도,수원시,시도,,동탄원천로,3,,경기도 수원시 영통구 매탄동 15191-5,37.2655038,127.050997,99,2,N,78,1,4,5,녹색+황색+녹색화살표/적색+적색/황색+적색,131+3+12+3+31,2,3,1,N,00:00,00:00,N,N,N,,수원시도시안전통합센터,031-5191-4432,2026-05-28,3740000,경기도 수원시
경기도,수원시,시도,,동탄원천로,3,경기도 수원시 영통구 동탄원천로 1111,경기도 수원시 영통구 원천동 209-42,37.26891093,127.0583333,99,2,N,77,1,4,4,녹색+녹색/녹색화살표+황색+적색,115+25+3+37,2,3,1,N,00:00,00:00,N,Y,N,,수원시도시안전통합센터,031-5191-4432,2026-05-28,3740000,경기도 수원시
경기도,수원시,시도,,동탄원천로,3,,경기도 수원시 영통구 매탄동 15191,37.2671698,127.055393,99,2,N,76,1,4,5,녹색/녹색화살표+황색/녹색+녹색+황색+적색,22+3+42+3+110,2,3,1,N,00:00,00:00,N,Y,N,,수원시도시안전통합센터,031-5191-4432,2026-05-28,3740000,경기도 수원시
경기도,수원시,시도,,덕영대로,3,경기도 수원시 영통구 덕영대로1483번길 16-4,경기도 수원시 영통구 망포동 32-7,37.24647862,127.0528395,99,2,Y,74,1,4,5,녹색/녹색화살표+황색/녹색+녹색+황색+적색,21+3+100+3+53,2,3,1,N,00:00,00:00,N,Y,N,,수원시도시안전통합센터,031-5191-4432,2026-05-28,3740000,경기도 수원시
경기도,수원시,시도,,영통로,3,,경기도 수원시 영통구 영통동 1057-2,37.25130207,127.0600583,99,2,N,73,1,3,3,녹색+황색+적색,145+3+32,2,3,1,Y,00:00,05:00,N,Y,N,,수원시도시안전통합센터,031-5191-4432,2026-05-28,3740000,경기도 수원시
경기도,수원시,시도,,영통로,3,,경기도 수원시 영통구 영통동 973-1,37.24975524,127.058887,99,1,N,72,1,3,3,녹색+황색+적색,119+3+38,2,3,1,Y,00:00,05:00,N,Y,N,,수원시도시안전통합센터,031-5191-4432,2026-05-28,3740000,경기도 수원시
경기도,수원시,시도,,영통로,3,경기도 수원시 영통구 영통로 151,경기도 수원시 영통구 망포동 399-4,37.24094464,127.0552663,99,2,N,71,1,4,5,녹색/녹색화살표+황색/녹색+녹색+황색+적색,16+3+48+3+110,2,3,1,N,00:00,00:00,N,Y,N,,수원시도시안전통합센터,031-5191-4432,2026-05-28,3740000,경기도 수원시
경기도,수원시,시도,,영통로,3,경기도 수원시 영통구 영통로 151,경기도 수원시 영통구 망포동 399-4,37.24094464,127.0552663,99,2,N,70,1,4,5,녹색/녹색화살표+황색/녹색+녹색+황색+적색,13+3+35+3+126,2,3,1,N,00:00,00:00,N,Y,N,,수원시도시안전통합센터,031-5191-4432,2026-05-28,3740000,경기도 수원시
경기도,수원시,시도,,영통로,3,경기도 수원시 영통구 영통로174번길 5,경기도 수원시 영통구 망포동 332-7,37.2433021,127.0557389,99,2,N,69,1,4,5,녹색/녹색화살표+황색/녹색+녹색+황색+적색,22+3+49+3+103,2,3,1,N,00:00,00:00,N,Y,N,,수원시도시안전통합센터,031-5191-4432,2026-05-28,3740000,경기도 수원시
경기도,수원시,시도,,덕영대로,3,경기도 수원시 영통구 덕영대로 1520,경기도 수원시 영통구 영통동 1069,37.24568415,127.0573362,99,2,Y,68,1,4,5,녹색/녹색화살표+황색/녹색+녹색+황색+적색,26+3+35+3+113,2,3,1,N,00:00,00:00,N,Y,N,,수원시도시안전통합센터,031-5191-4432,2026-05-28,3740000,경기도 수원시
경기도,수원시,시도,,덕영대로,3,경기도 수원시 영통구 덕영대로 1520,경기도 수원시 영통구 영통동 1069,37.24568415,127.0573362,99,2,Y,67,1,4,5,녹색+황색+녹색화살표/적색+황색/적색+적색,56+3+27+3+91,2,3,1,N,00:00,00:00,N,Y,N,,수원시도시안전통합센터,031-5191-4432,2026-05-28,3740000,경기도 수원시
경기도,수원시,시도,,덕영대로,3,,경기도 수원시 영통구 망포동 41-10,37.2454999,127.050603,99,2,Y,66,1,4,5,녹색+황색+녹색화살표/적색+황색/적색+적색,81+3+37+3+56,2,3,1,N,00:00,00:00,N,Y,N,,수원시도시안전통합센터,031-5191-4432,2026-05-28,3740000,경기도 수원시
경기도,수원시,시도,,중부대로,3,,경기도 수원시 영통구 원천동 426,37.26870531,127.0663914,99,2,Y,65,1,4,5,녹색+황색+녹색화살표/적색+황색/적색+적색,114+3+21+3+39,2,3,1,N,00:00,00:00,N,N,N,,수원시도시안전통합센터,031-5191-4432,2026-05-28,3740000,경기도 수원시
경기도,수원시,시도,,동수원로,3,경기도 수원시 영통구 동수원로 322-1,경기도 수원시 영통구 매탄동 1190,37.25801521,127.0375251,99,2,N,104,1,3,3,녹색+황색+적색,106+3+71,2,3,1,N,00:00,00:00,N,N,N,,수원시도시안전통합센터,031-5191-4432,2026-05-28,3740000,경기도 수원시
경기도,수원시,시도,,권선로,3,,경기도 수원시 영통구 매탄동 1190-2,37.25419297,127.0395618,99,2,Y,103,1,4,5,녹색+황색+적색/녹색화살표+적색/황색+적색,78+3+24+3+72,2,3,1,N,00:00,00:00,N,N,N,,수원시도시안전통합센터,031-5191-4432,2026-05-28,3740000,경기도 수원시
경기도,수원시,시도,,동수원로,3,경기도 수원시 영통구 동수원로 322-1,경기도 수원시 영통구 매탄동 1190,37.25801521,127.0375251,99,2,N,102,1,4,3,녹색/녹색화살표+황색+적색,57+3+120,2,3,1,N,00:00,00:00,N,N,N,,수원시도시안전통합센터,031-5191-4432,2026-05-28,3740000,경기도 수원시
경기도,수원시,시도,,효원로,3,,경기도 수원시 영통구 매탄동 1329,37.2585198,127.0458208,99,2,N,101,1,4,5,녹색+황색+적색/녹색화살표+적색/황색+적색,104+3+22+3+48,2,3,1,N,00:00,00:00,N,Y,Y,,수원시도시안전통합센터,031-5191-4432,2026-05-28,3740000,경기도 수원시
경기도,수원시,시도,,효원로,3,,경기도 수원시 영통구 매탄동 1329,37.25853729,127.0458208,99,2,N,100,1,4,5,녹색/녹색화살표+녹색/황색+녹색+황색+적색,25+3+37+3+112,2,3,1,N,00:00,00:00,N,N,N,,수원시도시안전통합센터,031-5191-4432,2026-05-28,3740000,경기도 수원시
경기도,수원시,시도,,동수원로,3,경기도 수원시 영통구 동수원로 520-1,경기도 수원시 영통구 매탄동 910,37.27310095,127.0474543,99,1,N,98,1,4,5,녹색+황색+적색/녹색화살표+적색/황색+적색,113+3+41+3+20,2,3,1,N,00:00,00:00,N,Y,N,,수원시도시안전통합센터,031-5191-4432,2026-05-28,3740000,경기도 수원시
경기도,수원시,시도,,인계로,3,경기도 수원시 영통구 매탄로 159-1,경기도 수원시 영통구 매탄동 916,37.26467536,127.0450284,99,2,N,97,1,4,3,녹색/녹색화살표+황색+적색,53+3+124,2,3,1,N,00:00,00:00,N,N,Y,,수원시도시안전통합센터,031-5191-4432,2026-05-28,3740000,경기도 수원시
경기도,수원시,시도,,동수원로,3,,경기도 수원시 영통구 매탄동 926-21,37.26539629,127.0398136,99,2,N,96,1,4,5,녹색/녹색화살표+녹색/황색+녹색+황색+적색,25+3+54+3+95,2,3,1,N,00:00,00:00,N,Y,Y,,수원시도시안전통합센터,031-5191-4432,2026-05-28,3740000,경기도 수원시
경기도,수원시,시도,,동수원로,3,경기도 수원시 영통구 동수원로 520-1,경기도 수원시 영통구 매탄동 910,37.27310095,127.0474543,99,2,N,95,1,4,5,녹색+황색+적색/녹색화살표+적색/황색+적색,104+3+35+3+35,2,3,1,N,00:00,00:00,N,Y,N,,수원시도시안전통합센터,031-5191-4432,2026-05-28,3740000,경기도 수원시
경기도,수원시,시도,,중부대로,3,,경기도 수원시 영통구 매탄동 1083,37.27245856,127.0547454,99,1,Y,94,1,4,5,녹색/녹색화살표+녹색/황색+녹색+황색+적색,17+3+117+3+40,2,3,1,N,00:00,00:00,N,Y,N,,수원시도시안전통합센터,031-5191-4432,2026-05-28,3740000,경기도 수원시
경기도,수원시,시도,,아주로,3,,경기도 수원시 영통구 원천동 27-5,37.27556663,127.0439903,99,1,N,91,1,3,3,녹색+황색+적색,55+3+22,2,3,1,Y,00:00,05:00,N,Y,N,,수원시도시안전통합센터,031-5191-4432,2026-05-28,3740000,경기도 수원시
경기도,수원시,시도,,월드컵로,3,경기도 수원시 영통구 중부대로271번길 27-9,경기도 수원시 영통구 원천동 35,37.27630602,127.0468147,99,2,N,90,1,4,99,녹색+녹색/녹색화살표+황색/녹색화살표+적색/녹색화살표+적색/황색+적색,80+17+3+17+3+40,2,3,1,Y,00:00,05:00,N,Y,N,,수원시도시안전통합센터,031-5191-4432,2026-05-28,3740000,경기도 수원시
경기도,수원시,시도,,월드컵로,3,경기도 수원시 영통구 동수원로551번길 38,경기도 수원시 영통구 원천동 78-7,37.27640244,127.0490259,99,2,N,89,1,4,4,녹색+녹색/녹색화살표+황색+적색,76+23+3+58,2,3,1,Y,00:00,05:00,N,Y,Y,,수원시도시안전통합센터,031-5191-4432,2026-05-28,3740000,경기도 수원시
경기도,수원시,시도,,월드컵로,3,경기도 수원시 영통구 동수원로 555,경기도 수원시 영통구 원천동 84-1,37.27523159,127.0506128,99,2,N,88,1,4,5,녹색+황색+적색/녹색화살표+적색/황색+적색,74+3+26+3+74,2,3,1,N,00:00,00:00,N,Y,Y,,수원시도시안전통합센터,031-5191-4432,2026-05-28,3740000,경기도 수원시
경기도,수원시,시도,,광교로,3,,경기도 수원시 영통구 이의동 1355-2,37.2863973,127.0403281,99,2,N,113,1,4,99,녹색+녹색/녹색화살표+황색/녹색화살표+적색/녹색화살표+적색/황색+적색,48+10+3+21+3+75,2,3,1,N,00:00,00:00,N,Y,Y,,수원시도시안전통합센터,031-5191-4432,2026-05-28,3740000,경기도 수원시
경기도,수원시,시도,,봉영로,3,경기도 수원시 영통구 봉영로 1766-1,경기도 수원시 영통구 영통동 1055,37.26666224,127.0823822,99,2,Y,192,1,3,3,녹색+황색+적색,152+3+25,2,3,1,N,00:00,00:00,N,N,N,,수원시도시안전통합센터,031-5191-4432,2026-05-28,3740000,경기도 수원시
경기도,수원시,시도,,센트럴타운로,3,,경기도 수원시 영통구 이의동 1381-2,37.29046532,127.0541486,99,2,N,559,1,4,5,녹색+황색+적색/녹색화살표+적색/황색+적색,95+3+34+3+25,2,3,1,N,00:00,00:00,N,N,N,,수원시도시안전통합센터,031-5191-4432,2026-05-28,3740000,경기도 수원시
경기도,수원시,시도,,매영로,3,,경기도 수원시 영통구 영통동 1076,37.24957207,127.0742729,99,2,N,578,1,3,3,녹색+황색+적색,120+3+57,2,3,1,N,00:00,00:00,N,Y,Y,,수원시도시안전통합센터,031-5191-4432,2026-05-28,3740000,경기도 수원시
경기도,수원시,시도,,매영로,3,경기도 수원시 영통구 청명로 10,경기도 수원시 영통구 영통동 1025-6,37.24868331,127.0795645,99,2,N,618,1,4,3,녹색/녹색화살표+황색+적색,22+3+65,2,3,1,N,00:00,00:00,N,N,N,,수원시도시안전통합센터,031-5191-4432,2026-05-28,3740000,경기도 수원시
경기도,수원시,시도,,매영로,3,경기도 수원시 영통구 영일로 8,경기도 수원시 영통구 영통동 1023-1,37.24842099,127.0760396,99,2,N,617,1,4,3,녹색/녹색화살표+황색+적색,47+3+130,2,3,1,N,00:00,00:00,N,Y,Y,,수원시도시안전통합센터,031-5191-4432,2026-05-28,3740000,경기도 수원시
경기도,수원시,시도,,영통로,3,,경기도 수원시 영통구 영통동 1057-2,37.25130207,127.0600583,99,2,N,616,1,4,3,녹색/녹색화살표+황색+적색,46+3+111,2,3,1,N,00:00,00:00,N,Y,Y,,수원시도시안전통합센터,031-5191-4432,2026-05-28,3740000,경기도 수원시
경기도,수원시,시도,,매영로,3,,경기도 수원시 영통구 영통동 62-3,37.25753398,127.065621,99,1,N,615,1,3,3,녹색+황색+적색,57+3+28,2,3,1,N,00:00,00:00,N,N,N,,수원시도시안전통합센터,031-5191-4432,2026-05-28,3740000,경기도 수원시
경기도,수원시,시도,,매영로,3,,경기도 수원시 영통구 원천동 산 95-17,37.26170862,127.0636982,99,1,N,614,1,3,3,녹색+황색+적색,62+3+15,2,3,1,Y,00:00,05:00,N,N,N,,수원시도시안전통합센터,031-5191-4432,2026-05-28,3740000,경기도 수원시
경기도,수원시,시도,,매영로,3,,경기도 수원시 영통구 원천동 337-39,37.26255428,127.063276,99,1,N,613,1,3,3,녹색+황색+적색,132+3+25,2,3,1,Y,00:00,05:00,N,N,Y,,수원시도시안전통합센터,031-5191-4432,2026-05-28,3740000,경기도 수원시
경기도,수원시,시도,,중부대로448번길,3,,경기도 수원시 영통구 원천동 547-4,37.26758805,127.0612153,99,2,N,612,1,4,5,녹색/녹색화살표+녹색/황색+녹색+황색+적색,18+3+7+3+89,2,3,1,Y,00:00,05:00,N,Y,N,,수원시도시안전통합센터,031-5191-4432,2026-05-28,3740000,경기도 수원시
경기도,수원시,시도,,중부대로448번길,3,,경기도 수원시 영통구 원천동 547-4,37.26758805,127.0612153,99,2,N,611,1,4,5,녹색/녹색화살표+녹색/황색+녹색+황색+적색,22+3+54+3+98,2,3,1,Y,00:00,05:00,N,Y,N,,수원시도시안전통합센터,031-5191-4432,2026-05-28,3740000,경기도 수원시
경기도,수원시,시도,,매영로,3,,경기도 수원시 영통구 매탄동 296-5,37.266375,127.058600,99,2,N,610,1,4,4,녹색+녹색/녹색화살표+황색+적색,80+25+3+72,2,3,1,N,00:00,00:00,N,N,N,,수원시도시안전통합센터,031-5191-4432,2026-05-28,3740000,경기도 수원시
경기도,수원시,시도,,매영로,3,,경기도 수원시 영통구 원천동 547-1,37.2667203,127.0571913,99,2,N,609,1,4,5,녹색+황색+적색/녹색화살표+적색/황색+적색,119+3+15+3+20,2,3,1,N,00:00,00:00,N,Y,N,,수원시도시안전통합센터,031-5191-4432,2026-05-28,3740000,경기도 수원시
경기도,수원시,시도,,매영로,3,,경기도 수원시 영통구 매탄동 1215-4,37.26815634,127.0520945,99,2,N,608,1,4,3,녹색/녹색화살표+황색+적색,25+3+122,2,3,1,Y,00:00,05:00,N,Y,N,,수원시도시안전통합센터,031-5191-4432,2026-05-28,3740000,경기도 수원시
경기도,수원시,시도,,매영로,3,경기도 수원시 영통구 매탄로 159-1,경기도 수원시 영통구 매탄동 916,37.26467536,127.0450284,99,2,N,607,1,4,3,녹색/녹색화살표+황색+적색,42+3+105,2,3,1,N,00:00,00:00,N,N,N,,수원시도시안전통합센터,031-5191-4432,2026-05-28,3740000,경기도 수원시
경기도,수원시,시도,,덕영대로,3,경기도 수원시 영통구 영일로6번길 54,경기도 수원시 영통구 영통동 1024-16,37.24799337,127.078911,99,2,Y,600,1,4,5,녹색/녹색화살표+녹색/황색+녹색+황색+적색,23+3+111+3+40,2,3,1,N,00:00,00:00,N,N,N,,수원시도시안전통합센터,031-5191-4432,2026-05-28,3740000,경기도 수원시
경기도,수원시,시도,,덕영대로,3,경기도 수원시 영통구 덕영대로 1689,경기도 수원시 영통구 영통동 1024-1,37.24797777,127.0760314,99,2,Y,599,1,4,5,녹색/녹색화살표+녹색/황색+녹색+황색+적색,26+3+31+3+117,2,3,1,N,00:00,00:00,N,Y,Y,,수원시도시안전통합센터,031-5191-4432,2026-05-28,3740000,경기도 수원시
경기도,수원시,시도,,덕영대로,3,경기도 수원시 영통구 봉영로 1526,경기도 수원시 영통구 영통동 988-2,37.24851981,127.0696446,99,2,Y,598,1,3,3,녹색+황색+적색,90+3+87,2,3,1,N,00:00,00:00,N,Y,N,,수원시도시안전통합센터,031-5191-4432,2026-05-28,3740000,경기도 수원시
경기도,수원시,시도,,중부대로448번길,3,경기도 수원시 영통구 중부대로448번길 43,경기도 수원시 영통구 원천동 235-5,37.26781427,127.0620639,99,2,N,597,1,3,3,녹색+황색+적색,61+3+56,2,3,1,Y,00:00,05:00,N,Y,N,,수원시도시안전통합센터,031-5191-4432,2026-05-28,3740000,경기도 수원시
경기도,수원시,시도,,웰빙타운로,3,경기도 수원시 영통구 웰빙타운로 73,경기도 수원시 영통구 이의동 1183,37.30555736,127.0431528,99,2,N,295,1,1,1,황색,0,2,3,1,Y,00:00,23:59,N,N,N,,수원시도시안전통합센터,031-5191-4432,2026-05-28,3740000,경기도 수원시
경기도,수원시,시도,,센트럴타운로,3,,경기도 수원시 영통구 이의동 1326-2,37.29127908,127.0516138,99,2,N,294,1,4,4,녹색+녹색/녹색화살표+황색+적색,95+27+3+35,2,3,1,Y,00:00,06:00,N,N,N,,수원시도시안전통합센터,031-5191-4432,2026-05-28,3740000,경기도 수원시
경기도,수원시,시도,,에듀타운로,3,경기도 수원시 영통구 도청로 65,경기도 수원시 영통구 이의동 1344,37.28927843,127.0493314,99,2,N,293,1,4,3,녹색/녹색화살표+황색+적색,41+3+116,2,3,1,Y,00:00,05:00,N,N,N,,수원시도시안전통합센터,031-5191-4432,2026-05-28,3740000,경기도 수원시
경기도,수원시,시도,,에듀타운로,3,,경기도 수원시 영통구 이의동 1344-1,37.28817884,127.0482756,99,2,N,292,1,4,3,녹색/녹색화살표+황색+적색,46+3+111,2,3,1,Y,00:00,05:00,N,N,N,,수원시도시안전통합센터,031-5191-4432,2026-05-28,3740000,경기도 수원시
경기도,수원시,시도,,에듀타운로,3,경기도 수원시 영통구 에듀타운로 82,경기도 수원시 영통구 이의동 1347-6,37.28863207,127.0476924,99,2,N,291,1,3,3,녹색+황색+적색,127+3+30,2,3,1,Y,00:00,05:00,N,N,N,,수원시도시안전통합센터,031-5191-4432,2026-05-28,3740000,경기도 수원시
경기도,수원시,시도,,영통로174번길,3,,경기도 수원시 영통구 망포동 366-11,37.24299582,127.0561502,99,2,N,290,1,1,1,황색,0,2,3,1,Y,00:00,23:59,N,N,N,,수원시도시안전통합센터,031-5191-4432,2026-05-28,3740000,경기도 수원시
경기도,수원시,시도,,영통로174번길,3,,경기도 수원시 영통구 망포동 356-10,37.24298804,127.058037,99,2,N,289,1,1,1,황색,0,2,3,1,Y,00:00,23:59,N,N,N,,수원시도시안전통합센터,031-5191-4432,2026-05-28,3740000,경기도 수원시
경기도,수원시,시도,,영통로154번길,3,,경기도 수원시 영통구 망포동 357-5,37.24237814,127.058139,99,2,N,288,1,1,1,황색,0,2,3,1,Y,00:00,23:59,N,N,N,,수원시도시안전통합센터,031-5191-4432,2026-05-28,3740000,경기도 수원시
경기도,수원시,시도,,청명북로,3,,경기도 수원시 영통구 영통동 1087,37.25390877,127.0788323,99,2,N,629,1,4,4,녹색+녹색/녹색화살표+황색+적색,40+12+3+75,2,3,1,N,00:00,00:00,N,Y,N,,수원시도시안전통합센터,031-5191-4432,2026-05-28,3740000,경기도 수원시
경기도,수원시,시도,,청명로,3,경기도 수원시 영통구 청명로 92,경기도 수원시 영통구 영통동 1046-2,37.25487214,127.0779335,99,2,N,628,1,3,3,녹색+황색+적색,50+3+77,2,3,1,N,00:00,00:00,N,Y,N,,수원시도시안전통합센터,031-5191-4432,2026-05-28,3740000,경기도 수원시
경기도,수원시,시도,,반달로128번길,3,경기도 수원시 영통구 봉영로 1612,경기도 수원시 영통구 영통동 996-4,37.25448413,127.0750221,99,2,N,627,1,3,3,녹색+황색+적색,42+3+85,2,3,1,N,00:00,00:00,N,N,N,,수원시도시안전통합센터,031-5191-4432,2026-05-28,3740000,경기도 수원시
경기도,수원시,시도,,반달로,3,경기도 수원시 영통구 반달로7번길 6,경기도 수원시 영통구 영통동 998-5,37.2523037,127.074020,99,2,N,626,1,3,3,녹색+황색+적색,44+3+83,2,3,1,N,00:00,00:00,N,N,N,,수원시도시안전통합센터,031-5191-4432,2026-05-28,3740000,경기도 수원시
경기도,수원시,시도,,청명남로,3,경기도 수원시 영통구 청명남로 44,경기도 수원시 영통구 영통동 1037-4,37.2533077,127.0764626,99,2,N,625,1,3,3,녹색+황색+적색,42+3+85,2,3,1,N,00:00,00:00,N,N,N,,수원시도시안전통합센터,031-5191-4432,2026-05-28,3740000,경기도 수원시
경기도,수원시,시도,,청명남로,3,경기도 수원시 영통구 청명남로 21,경기도 수원시 영통구 영통동 998-6,37.25203572,127.0744591,99,2,N,624,1,4,5,녹색+황색+적색/녹색화살표+적색/황색+적색,20+3+14+3+90,2,3,1,N,00:00,00:00,N,Y,Y,,수원시도시안전통합센터,031-5191-4432,2026-05-28,3740000,경기도 수원시
경기도,수원시,시도,,반달로,3,경기도 수원시 영통구 영일로 29,경기도 수원시 영통구 영통동 1005-8,37.25005499,127.0768039,99,2,N,623,1,4,3,녹색/녹색화살표+황색+적색,22+3+95,2,3,1,N,00:00,00:00,N,N,N,,수원시도시안전통합센터,031-5191-4432,2026-05-28,3740000,경기도 수원시
경기도,수원시,시도,,반달로,3,경기도 수원시 영통구 청명로21번길 19,경기도 수원시 영통구 영통동 1013-1,37.25000698,127.078974,99,2,N,622,1,3,3,녹색+황색+적색,87+3+30,2,3,1,N,00:00,00:00,N,N,N,,수원시도시안전통합센터,031-5191-4432,2026-05-28,3740000,경기도 수원시
경기도,수원시,시도,,반달로,3,경기도 수원시 영통구 청명북로 2,경기도 수원시 영통구 영통동 1030-2,37.25180988,127.0789701,99,2,N,621,1,1,1,황색,0,2,3,1,Y,00:00,23:59,N,N,N,,수원시도시안전통합센터,031-5191-4432,2026-05-28,3740000,경기도 수원시
경기도,수원시,시도,,청명로,3,,경기도 수원시 영통구 영통동 1087,37.25390877,127.0788323,99,2,N,620,1,4,3,녹색/녹색화살표+황색+적색,31+3+96,2,3,1,N,00:00,00:00,N,N,N,,수원시도시안전통합센터,031-5191-4432,2026-05-28,3740000,경기도 수원시
경기도,수원시,시도,,청명로,3,경기도 수원시 영통구 청명로 28,경기도 수원시 영통구 영통동 1025-1,37.2497258,127.0806585,99,2,N,619,1,4,5,녹색+황색+적색/녹색화살표+적색/황색+적색,117+3+27+3+30,2,3,1,N,00:00,00:00,N,N,N,,수원시도시안전통합센터,031-5191-4432,2026-05-28,3740000,경기도 수원시
경기도,수원시,시도,,효원로,3,,경기도 수원시 영통구 매탄동 1355,37.25965422,127.0402953,99,2,N,316,1,4,5,녹색/녹색화살표+녹색/황색+녹색+황색+적색,20+3+103+3+51,2,3,1,N,00:00,00:00,N,Y,N,,수원시도시안전통합센터,031-5191-4432,2026-05-28,3740000,경기도 수원시
경기도,수원시,시도,,권선로882번길,3,경기도 수원시 영통구 권선로882번길 107-20,경기도 수원시 영통구 신동 967,37.24592394,127.0420962,99,2,N,344,1,1,1,황색,0,2,3,1,Y,00:00,23:59,N,N,N,,수원시도시안전통합센터,031-5191-4432,2026-05-28,3740000,경기도 수원시
경기도,수원시,시도,,권선로882번길,3,경기도 수원시 영통구 권선로882번길 65-16,경기도 수원시 영통구 신동 929-5,37.24714816,127.0426106,99,2,N,343,1,4,3,녹색/녹색화살표+황색+적색,29+3+88,2,3,1,Y,00:00,05:00,N,N,N,,수원시도시안전통합센터,031-5191-4432,2026-05-28,3740000,경기도 수원시
경기도,수원시,시도,,권선로908번길,3,경기도 수원시 영통구 권선로908번길 19,경기도 수원시 영통구 신동 936-6,37.24766938,127.0453951,99,2,N,342,1,1,1,황색,0,2,3,1,Y,00:00,23:59,N,N,N,,수원시도시안전통합센터,031-5191-4432,2026-05-28,3740000,경기도 수원시
경기도,수원시,시도,,센트럴타운로100번길,3,,경기도 수원시 영통구 이의동 1381-14,37.2923804,127.0488967,99,2,N,339,1,4,4,녹색+녹색/녹색화살표+황색+적색,85+17+3+55,2,3,1,N,00:00,00:00,N,Y,N,,수원시도시안전통합센터,031-5191-4432,2026-05-28,3740000,경기도 수원시
경기도,수원시,시도,,도청로89번길,3,,경기도 수원시 영통구 이의동 1347,37.28976167,127.0481243,99,1,N,327,1,3,3,녹색+황색+적색,116+3+31,2,3,1,N,00:00,00:00,N,Y,Y,,수원시도시안전통합센터,031-5191-4432,2026-05-28,3740000,경기도 수원시
경기도,수원시,시도,,영통로,3,,경기도 수원시 영통구 영통동 961-19,37.2570589,127.069241,99,1,N,354,1,3,3,녹색+황색+적색,60+3+37,2,3,1,N,00:00,00:00,N,Y,N,,수원시도시안전통합센터,031-5191-4432,2026-05-28,3740000,경기도 수원시
경기도,수원시,시도,,봉영로,3,경기도 수원시 영통구 봉영로 1411,경기도 수원시 영통구 망포동 493-1,37.23924306,127.0626141,99,2,Y,352,1,4,3,녹색/녹색화살표+황색+적색,39+3+78,2,3,1,Y,00:00,05:00,N,Y,Y,,수원시도시안전통합센터,031-5191-4432,2026-05-28,3740000,경기도 수원시
경기도,수원시,시도,,봉영로,3,,경기도 수원시 영통구 망포동 472-5,37.24108252,127.0637408,99,2,Y,351,1,3,3,녹색+황색+적색,41+3+76,2,3,1,Y,00:00,05:00,N,Y,N,,수원시도시안전통합센터,031-5191-4432,2026-05-28,3740000,경기도 수원시
경기도,수원시,시도,,봉영로1517번길,3,경기도 수원시 영통구 봉영로1517번길 23,경기도 수원시 영통구 영통동 970-5,37.24859525,127.0666245,99,2,N,350,1,3,3,녹색+황색+적색,76+3+81,2,3,1,Y,00:00,05:00,N,Y,N,,수원시도시안전통합센터,031-5191-4432,2026-05-28,3740000,경기도 수원시
경기도,수원시,시도,,도청로,3,,경기도 수원시 영통구 이의동 291-2,37.2878401,127.052537,99,1,N,348,1,3,3,녹색+황색+적색,52+3+90,2,3,1,Y,01:30,04:30,N,Y,N,,수원시도시안전통합센터,031-5191-4432,2026-05-28,3740000,경기도 수원시
경기도,수원시,시도,,영통로200번길,3,,경기도 수원시 영통구 망포동 434,37.24371555,127.0630328,99,2,N,347,1,4,5,녹색+황색+적색/녹색화살표+적색/황색+적색,58+3+26+3+30,2,3,1,N,00:00,00:00,N,Y,N,,수원시도시안전통합센터,031-5191-4432,2026-05-28,3740000,경기도 수원시
경기도,수원시,시도,,영통로154번길,3,,경기도 수원시 영통구 망포동 511-3,37.2414558,127.0617817,99,2,N,346,1,4,5,녹색/녹색화살표+녹색/황색+녹색+황색+적색,17+3+67+3+90,2,3,1,N,00:00,00:00,N,Y,N,,수원시도시안전통합센터,031-5191-4432,2026-05-28,3740000,경기도 수원시
경기도,수원시,시도,,태장로35번길,3,,경기도 수원시 영통구 망포동 47-11,37.241209,127.049700,99,2,N,392,1,4,3,녹색/녹색화살표+황색+적색,23+3+124,2,3,1,N,00:00,00:00,N,Y,Y,,수원시도시안전통합센터,031-5191-4432,2026-05-28,3740000,경기도 수원시
경기도,수원시,시도,,동탄지성로,3,,경기도 수원시 영통구 망포동 46-18,37.2412261,127.048213,99,2,N,391,1,4,4,녹색+녹색/녹색화살표+황색+적색,50+21+3+76,2,3,1,N,00:00,00:00,N,Y,Y,,수원시도시안전통합센터,031-5191-4432,2026-05-28,3740000,경기도 수원시
경기도,수원시,시도,,동탄지성로,3,,경기도 수원시 영통구 망포동 71-12,37.24149191,127.046303,99,2,N,390,1,4,5,녹색/녹색화살표+녹색/황색+녹색+황색+적색,15+3+36+3+123,2,3,1,N,00:00,00:00,N,Y,Y,,수원시도시안전통합센터,031-5191-4432,2026-05-28,3740000,경기도 수원시
경기도,수원시,시도,,광교호수공원로,3,,경기도 수원시 영통구 원천동 625,37.27525056,127.0604309,99,2,N,384,1,4,5,녹색/녹색화살표+녹색/황색+녹색+황색+적색,22+3+77+3+75,2,3,1,N,00:00,00:00,N,Y,N,,수원시도시안전통합센터,031-5191-4432,2026-05-28,3740000,경기도 수원시
경기도,수원시,시도,,광교호수공원로,3,,경기도 수원시 영통구 원천동 625-4,37.28211368,127.0592529,99,2,N,383,1,4,5,녹색/녹색화살표+녹색/황색+녹색+황색+적색,22+3+119+3+33,2,3,1,Y,00:00,05:00,N,Y,N,,수원시도시안전통합센터,031-5191-4432,2026-05-28,3740000,경기도 수원시
경기도,수원시,시도,,웰빙타운로36번길,3,,경기도 수원시 영통구 이의동 1373-8,37.30720418,127.0481126,99,2,N,382,1,1,1,황색,0,2,3,1,Y,00:00,23:59,N,N,N,,수원시도시안전통합센터,031-5191-4432,2026-05-28,3740000,경기도 수원시
경기도,수원시,시도,,웰빙타운로56번길,3,,경기도 수원시 영통구 이의동 1384-1,37.308730,127.0446783,99,2,N,381,1,1,1,황색,0,2,3,1,Y,00:00,23:59,N,N,N,,수원시도시안전통합센터,031-5191-4432,2026-05-28,3740000,경기도 수원시
경기도,수원시,시도,,광교로42번길,3,경기도 수원시 영통구 광교로42번길 22,경기도 수원시 영통구 이의동 1362,37.28583718,127.0411042,99,2,N,377,1,3,3,녹색+황색+적색,56+3+31,2,3,1,Y,00:00,05:00,N,Y,N,,수원시도시안전통합센터,031-5191-4432,2026-05-28,3740000,경기도 수원시
경기도,수원시,시도,,매영로,3,,경기도 수원시 영통구 원천동 산 107-11,37.26087348,127.064069,99,2,N,375,1,3,3,녹색+황색+적색,61+3+26,2,3,1,Y,00:00,05:00,N,Y,N,,수원시도시안전통합센터,031-5191-4432,2026-05-28,3740000,경기도 수원시
경기도,수원시,시도,,봉영로,3,,경기도 수원시 영통구 망포동 459-5,37.24101996,127.0650674,99,2,Y,371,1,4,3,녹색/녹색화살표+황색+적색,23+3+94,2,3,1,Y,00:00,05:00,N,Y,Y,,수원시도시안전통합센터,031-5191-4432,2026-05-28,3740000,경기도 수원시
경기도,수원시,시도,,영통로90번길,3,,경기도 수원시 영통구 망포동 482-11,37.23761775,127.0613411,99,2,N,400,1,3,3,녹색+황색+적색,69+3+28,2,3,1,N,00:00,00:00,N,Y,N,,수원시도시안전통합센터,031-5191-4432,2026-05-28,3740000,경기도 수원시
경기도,수원시,시도,,반달로,3,,경기도 수원시 영통구 영통동 1079,37.25109783,127.0754245,99,2,N,398,1,3,3,녹색+황색+적색,106+3+51,2,3,1,N,00:00,00:00,N,Y,N,,수원시도시안전통합센터,031-5191-4432,2026-05-28,3740000,경기도 수원시
경기도,수원시,시도,,영통로200번길,3,,경기도 수원시 영통구 망포동 436-10,37.2437954,127.0640236,99,2,N,397,1,3,3,녹색+황색+적색,82+3+35,2,3,1,N,00:00,00:00,N,Y,N,,수원시도시안전통합센터,031-5191-4432,2026-05-28,3740000,경기도 수원시
경기도,수원시,시도,,덕영대로,3,,경기도 수원시 영통구 망포동 41-10,37.2448323,127.050728,99,2,Y,396,1,1,1,황색,0,2,3,1,Y,00:00,23:59,N,N,N,,수원시도시안전통합센터,031-5191-4432,2026-05-28,3740000,경기도 수원시
경기도,수원시,시도,,덕영대로,3,,경기도 수원시 영통구 망포동 42-6,37.2440894,127.050947,99,2,Y,395,1,1,1,황색,0,2,3,1,Y,00:00,23:59,N,N,N,,수원시도시안전통합센터,031-5191-4432,2026-05-28,3740000,경기도 수원시
경기도,수원시,시도,,덕영대로1484번길,3,,경기도 수원시 영통구 망포동 40-107,37.2432695,127.051327,99,2,N,394,1,4,5,녹색/녹색화살표+녹색/황색+녹색+황색+적색,20+3+77+3+47,2,3,1,N,00:00,00:00,N,N,N,,수원시도시안전통합센터,031-5191-4432,2026-05-28,3740000,경기도 수원시
경기도,수원시,시도,,태장로35번길,3,,경기도 수원시 영통구 망포동 44-40,37.2424091,127.049446,99,2,N,393,1,4,3,녹색/녹색화살표+황색+적색,46+3+101,2,3,1,N,00:00,00:00,N,N,N,,수원시도시안전통합센터,031-5191-4432,2026-05-28,3740000,경기도 수원시
경기도,수원시,시도,,흥덕중앙로,3,경기도 수원시 영통구 광교호수로 84,경기도 수원시 영통구 하동 1034,37.27601134,127.0676006,99,1,N,867,1,3,3,녹색+황색+적색,112+3+35,2,3,1,N,00:00,00:00,N,Y,N,,수원시도시안전통합센터,031-5191-4432,2026-05-28,3740000,경기도 수원시
경기도,수원시,시도,,법조로,3,경기도 수원시 영통구 센트럴파크로 33,경기도 수원시 영통구 하동 1014,37.28856268,127.0624314,99,2,N,866,1,4,4,녹색+녹색/녹색화살표+황색+적색,102+22+3+33,2,3,1,N,00:00,00:00,N,Y,N,,수원시도시안전통합센터,031-5191-4432,2026-05-28,3740000,경기도 수원시
경기도,수원시,시도,,영통로,3,경기도 수원시 영통구 영통로 237,경기도 수원시 영통구 신동 338,37.24866785,127.0570044,99,1,N,862,1,3,3,녹색+황색+적색,148+3+29,2,3,1,Y,00:00,05:00,N,Y,N,,수원시도시안전통합센터,031-5191-4432,2026-05-28,3740000,경기도 수원시
경기도,수원시,시도,,권선로908번길,3,경기도 수원시 영통구 권선로908번길 47,경기도 수원시 영통구 신동 937-4,37.24687577,127.044623,99,2,N,859,1,1,1,황색,0,2,3,1,Y,00:00,23:59,N,N,N,,수원시도시안전통합센터,031-5191-4432,2026-05-28,3740000,경기도 수원시
경기도,수원시,시도,,권선로908번길,3,,경기도 수원시 영통구 신동 935-6,37.24696271,127.0440108,99,2,N,858,1,4,3,녹색/녹색화살표+황색+적색,29+3+88,2,3,1,Y,00:00,05:00,N,N,N,,수원시도시안전통합센터,031-5191-4432,2026-05-28,3740000,경기도 수원시
경기도,수원시,시도,,권선로,3,,경기도 수원시 영통구 매탄동 1175-4,37.2556746,127.0384114,99,1,Y,874,1,3,3,녹색+황색+적색,147+3+30,2,3,1,N,00:00,00:00,N,Y,N,,수원시도시안전통합센터,031-5191-4432,2026-05-28,3740000,경기도 수원시
경기도,수원시,시도,,동탄원천로,3,,경기도 수원시 영통구 매탄동 15191,37.2676905,127.056389,99,2,N,897,1,4,4,녹색+녹색/녹색화살표+황색+적색,80+67+3+30,2,3,1,N,00:00,00:00,N,N,N,,수원시도시안전통합센터,031-5191-4432,2026-05-28,3740000,경기도 수원시
경기도,수원시,시도,,영통로,3,,경기도 수원시 영통구 영통동 961-13,37.25640386,127.0676652,99,1,N,888,1,3,3,녹색+황색+적색,60+3+37,2,3,1,Y,00:00,05:00,N,N,N,,수원시도시안전통합센터,031-5191-4432,2026-05-28,3740000,경기도 수원시
경기도,수원시,시도,,태장로54번길,3,,경기도 수원시 영통구 망포동 607-2,37.23507807,127.055744,99,2,N,887,1,4,5,녹색/녹색화살표+녹색/황색+녹색+황색+적색,15+3+30+3+79,2,3,1,N,00:00,00:00,N,Y,Y,,수원시도시안전통합센터,031-5191-4432,2026-05-28,3740000,경기도 수원시
경기도,수원시,시도,,대학로,3,,경기도 수원시 영통구 이의동 1373-6,37.3073892,127.0476939,99,2,N,906,1,4,3,녹색/녹색화살표+황색+적색,42+3+115,2,3,1,N,00:00,00:00,N,Y,Y,,수원시도시안전통합센터,031-5191-4432,2026-05-28,3740000,경기도 수원시
경기도,수원시,시도,,대학로,3,,경기도 수원시 영통구 이의동 1373-17,37.30433197,127.0474516,99,2,N,905,1,4,5,녹색/녹색화살표+녹색/황색+녹색+황색+적색,12+3+79+3+83,2,3,1,N,00:00,00:00,N,Y,Y,,수원시도시안전통합센터,031-5191-4432,2026-05-28,3740000,경기도 수원시
경기도,수원시,시도,,대학로,3,,경기도 수원시 영통구 이의동 1373-17,37.30433197,127.047450,99,2,N,904,1,4,3,녹색/녹색화살표+황색+적색,37+3+120,2,3,1,Y,00:00,05:00,N,Y,Y,,수원시도시안전통합센터,031-5191-4432,2026-05-28,3740000,경기도 수원시
경기도,수원시,시도,,웰빙타운36번길,3,,경기도 수원시 영통구 이의동 1373-6,37.3073892,127.0476939,99,2,N,903,1,1,1,황색,0,2,3,1,Y,00:00,23:59,N,N,N,,수원시도시안전통합센터,031-5191-4432,2026-05-28,3740000,경기도 수원시
경기도,수원시,시도,,광교로,3,,경기도 수원시 영통구 이의동 1373-12,37.30567121,127.051642,99,2,N,902,1,4,5,녹색/녹색화살표+녹색/황색+녹색+황색+적색,23+3+27+3+104,2,3,1,N,00:00,00:00,N,Y,Y,,수원시도시안전통합센터,031-5191-4432,2026-05-28,3740000,경기도 수원시
경기도,수원시,시도,,웰빙타운로,3,경기도 수원시 영통구 대학로 109,경기도 수원시 영통구 이의동 1202,37.30509396,127.0471625,99,2,N,901,1,4,3,녹색/녹색화살표+황색+적색,20+3+137,2,3,1,N,00:00,00:00,N,Y,Y,,수원시도시안전통합센터,031-5191-4432,2026-05-28,3740000,경기도 수원시
경기도,수원시,시도,,웰빙타운로,3,,경기도 수원시 영통구 이의동 1205,37.30505063,127.044878,99,2,N,900,1,3,3,녹색+황색+적색,30+3+127,2,3,1,Y,00:00,05:00,N,Y,Y,,수원시도시안전통합센터,031-5191-4432,2026-05-28,3740000,경기도 수원시
경기도,수원시,시도,,창룡대로,3,,경기도 수원시 영통구 이의동 1379-7,37.29525573,127.0492033,99,2,Y,50,1,4,4,녹색+녹색/녹색화살표+황색+적색,26+25+3+126,2,3,1,N,00:00,00:00,N,Y,Y,,수원시도시안전통합센터,031-5191-4432,2026-05-28,3740000,경기도 수원시
경기도,수원시,시도,,창룡대로,3,,경기도 수원시 영통구 이의동 1281,37.2977359,127.040096,99,2,Y,49,1,4,4,녹색+녹색/녹색화살표+황색+적색,78+26+3+73,2,3,1,N,00:00,00:00,N,Y,Y,,수원시도시안전통합센터,031-5191-4432,2026-05-28,3740000,경기도 수원시
경기도,수원시,시도,,인계로,3,경기도 수원시 영통구 매탄로 159-1,경기도 수원시 영통구 매탄동 916,37.26467536,127.0450284,99,1,N,256,1,4,4,녹색+녹색/녹색화살표+황색+적색,27+15+3+135,2,3,1,N,00:00,00:00,N,N,N,,수원시도시안전통합센터,031-5191-4432,2026-05-28,3740000,경기도 수원시
경기도,수원시,시도,,인계로,3,경기도 수원시 영통구 매탄로 159-1,경기도 수원시 영통구 매탄동 916,37.26467536,127.0450284,99,1,N,253,1,3,3,녹색+황색+적색,88+3+24,2,3,1,Y,00:00,05:00,N,N,N,,수원시도시안전통합센터,031-5191-4432,2026-05-28,3740000,경기도 수원시
경기도,수원시,시도,,센트럴타운로22번길,3,,경기도 수원시 영통구 이의동 1381-8,37.28980935,127.0581565,99,2,N,279,1,4,99,녹색+녹색+황색+적색/녹색화살표+적색/황색+적색,59+11+3+31+3+0,2,3,1,Y,00:00,05:00,N,N,N,,수원시도시안전통합센터,031-5191-4432,2026-05-28,3740000,경기도 수원시
경기도,수원시,시도,,광교마을로,3,,경기도 수원시 영통구 하동 1049,37.29560823,127.0817502,99,2,N,278,1,1,1,황색,0,2,3,1,Y,00:00,23:59,N,N,N,,수원시도시안전통합센터,031-5191-4432,2026-05-28,3740000,경기도 수원시
경기도,수원시,시도,,센트럴파크로,3,,경기도 수원시 영통구 하동 1044-1,37.2889196,127.062797,99,2,N,277,1,4,99,녹색+녹색/녹색화살표+황색/녹색화살표+적색/녹색화살표+적색/황색+적색,83+2+3+12+3+57,2,3,1,Y,00:00,07:00,N,N,N,,수원시도시안전통합센터,031-5191-4432,2026-05-28,3740000,경기도 수원시
경기도,수원시,시도,,광교호수로152번길,3,,경기도 수원시 영통구 하동 1047-1,37.2800902,127.070283,99,2,N,276,1,4,3,녹색/녹색화살표+황색+적색,45+3+102,2,3,1,N,00:00,00:00,N,N,N,,수원시도시안전통합센터,031-5191-4432,2026-05-28,3740000,경기도 수원시
경기도,수원시,시도,,중부대로,3,,경기도 수원시 영통구 원천동 286-8,37.26864482,127.067922,99,2,Y,260,1,3,4,녹색+녹색+황색+적색,95+17+3+85,2,3,1,N,00:00,00:00,N,Y,Y,,수원시도시안전통합센터,031-5191-4432,2026-05-28,3740000,경기도 수원시
경기도,수원시,시도,,에듀타운로,3,,경기도 수원시 영통구 이의동 1381-21,37.28406279,127.0537084,99,2,N,286,1,4,5,녹색/녹색화살표+녹색/황색+녹색+황색+적색,17+3+99+3+38,2,3,1,Y,00:00,05:00,N,N,N,,수원시도시안전통합센터,031-5191-4432,2026-05-28,3740000,경기도 수원시
경기도,수원시,시도,,광교호수로152번길,3,,경기도 수원시 영통구 하동 1036-1,37.2774215,127.0690406,99,2,N,285,1,4,5,녹색/녹색화살표+녹색/황색+녹색+황색+적색,14+3+71+3+29,2,3,1,Y,21:00,05:00,N,N,N,,수원시도시안전통합센터,031-5191-4432,2026-05-28,3740000,경기도 수원시
경기도,수원시,시도,,영통로154번길,3,,경기도 수원시 영통구 망포동 416-9,37.24093318,127.058802,99,2,N,284,1,1,1,황색,0,2,3,1,Y,00:00,23:59,N,N,N,,수원시도시안전통합센터,031-5191-4432,2026-05-28,3740000,경기도 수원시
경기도,수원시,시도,,중부대로,3,,경기도 수원시 영통구 매탄동 14-7,37.27238698,127.0547005,99,2,Y,41,1,4,5,녹색+황색+녹색화살표/적색+황색/적색+적색,68+3+21+3+85,2,3,1,N,00:00,00:00,N,Y,Y,,수원시도시안전통합센터,031-5191-4432,2026-05-28,3740000,경기도 수원시
경기도,수원시,시도,,동수원로,3,경기도 수원시 영통구 동수원로 520-1,경기도 수원시 영통구 매탄동 910,37.27310095,127.0474543,99,1,N,40,1,3,3,녹색+황색+적색,132+3+45,2,3,1,N,00:00,00:00,N,Y,Y,,수원시도시안전통합센터,031-5191-4432,2026-05-28,3740000,경기도 수원시
경기도,수원시,시도,,중부대로,3,,경기도 수원시 영통구 원천동 86-6,37.2736919,127.0480087,99,2,Y,39,1,4,5,녹색/녹색화살표+황색/녹색+녹색+황색+적색,24+3+40+3+110,2,3,1,N,00:00,00:00,N,Y,Y,,수원시도시안전통합센터,031-5191-4432,2026-05-28,3740000,경기도 수원시
경기도,수원시,시도,,삼성로,3,,경기도 수원시 영통구 원천동 295-2,37.26772311,127.0689041,99,2,N,212,1,4,4,녹색+녹색/녹색화살표+황색+적색,117+27+3+33,2,3,1,N,00:00,00:00,N,Y,N,,수원시도시안전통합센터,031-5191-4432,2026-05-28,3740000,경기도 수원시
경기도,수원시,시도,,봉영로1744번길,3,,경기도 수원시 영통구 영통동 1091,37.26583936,127.0855963,99,1,N,229,1,3,3,녹색+황색+적색,57+3+30,2,3,1,Y,00:00,05:00,N,N,N,,수원시도시안전통합센터,031-5191-4432,2026-05-28,3740000,경기도 수원시
경기도,수원시,시도,,광교중앙로,3,,경기도 수원시 영통구 하동 1037,37.29315029,127.0678864,99,2,N,227,1,4,5,녹색/녹색화살표+녹색/황색+녹색+황색+적색,27+3+84+3+43,2,3,1,N,00:00,00:00,N,Y,N,,수원시도시안전통합센터,031-5191-4432,2026-05-28,3740000,경기도 수원시
경기도,수원시,시도,,덕영대로,3,,경기도 수원시 영통구 망포동 770-6,37.24486508,127.0411137,99,1,Y,225,1,4,99,녹색+녹색+황색+적색/녹색화살표+적색/황색+적색,98+7+3+51+3+18,2,3,1,N,00:00,00:00,N,Y,Y,,수원시도시안전통합센터,031-5191-4432,2026-05-28,3740000,경기도 수원시
경기도,수원시,시도,,덕영대로,3,,경기도 수원시 영통구 망포동 38-3,37.24540638,127.0486659,99,2,Y,224,1,4,5,적색/녹색화살표+적색/황색+녹색+황색+적색,20+3+70+3+84,2,3,1,N,00:00,00:00,N,Y,Y,,수원시도시안전통합센터,031-5191-4432,2026-05-28,3740000,경기도 수원시
경기도,수원시,시도,,아주로,3,,경기도 수원시 영통구 원천동 19-18,37.27864482,127.043749,99,1,N,245,1,3,3,녹색+황색+적색,64+3+23,2,3,1,N,00:00,00:00,N,N,Y,,수원시도시안전통합센터,031-5191-4432,2026-05-28,3740000,경기도 수원시
경기도,수원시,시도,,창룡대로,3,,경기도 수원시 영통구 이의동 산 135-5,37.2940689,127.035141,99,2,Y,242,1,4,4,녹색+녹색/녹색화살표+황색+적색,142+16+3+19,2,3,1,N,00:00,00:00,N,N,N,,수원시도시안전통합센터,031-5191-4432,2026-05-28,3740000,경기도 수원시
경기도,수원시,시도,,인계로,3,경기도 수원시 영통구 매탄로 159-1,경기도 수원시 영통구 매탄동 916,37.26467536,127.0450284,99,1,N,239,1,3,3,녹색+황색+적색,87+3+24,2,3,1,Y,00:00,05:00,N,N,N,,수원시도시안전통합센터,031-5191-4432,2026-05-28,3740000,경기도 수원시
경기도,수원시,시도,,영통로,3,경기도 수원시 영통구 영통로 500-1,경기도 수원시 영통구 영통동 1057-1,37.2633295,127.0777966,99,1,N,703,1,4,5,녹색/녹색화살표+녹색/황색+녹색+황색+적색,7+3+53+3+84,2,3,1,Y,00:00,05:00,N,Y,Y,,수원시도시안전통합센터,031-5191-4432,2026-05-28,3740000,경기도 수원시
경기도,수원시,시도,,영통로,3,경기도 수원시 영통구 영통로 500-1,경기도 수원시 영통구 영통동 1057-1,37.2633295,127.0777966,99,1,N,702,1,3,3,녹색+황색+적색,115+3+32,2,3,1,Y,00:00,05:00,N,Y,N,,수원시도시안전통합센터,031-5191-4432,2026-05-28,3740000,경기도 수원시
경기도,수원시,시도,,삼성로,3,경기도 수원시 영통구 삼성로 130,경기도 수원시 영통구 매탄동 560,37.25467174,127.0574549,99,2,N,700,1,4,5,녹색/녹색화살표+녹색/황색+녹색+황색+적색,17+3+78+3+79,2,3,1,N,00:00,00:00,N,Y,N,,수원시도시안전통합센터,031-5191-4432,2026-05-28,3740000,경기도 수원시
경기도,수원시,시도,,영통로514번길,3,경기도 수원시 영통구 삼성로 130,경기도 수원시 영통구 매탄동 560,37.25467174,127.0574549,99,2,N,699,1,3,3,녹색+황색+적색,60+3+27,2,3,1,N,00:00,00:00,N,Y,N,,수원시도시안전통합센터,031-5191-4432,2026-05-28,3740000,경기도 수원시
경기도,수원시,시도,,영통로200번길,3,경기도 수원시 영통구 봉영로1482번길 18,경기도 수원시 영통구 영통동 1093,37.24484092,127.066211,99,2,N,696,1,3,3,녹색+황색+적색,81+3+36,2,3,1,N,00:00,00:00,N,Y,N,,수원시도시안전통합센터,031-5191-4432,2026-05-28,3740000,경기도 수원시
경기도,수원시,시도,,영통로154번길,3,,경기도 수원시 영통구 망포동 417-22,37.24149338,127.0604392,99,2,N,695,1,4,3,녹색/녹색화살표+황색+적색,36+3+141,2,3,1,N,00:00,00:00,N,Y,N,,수원시도시안전통합센터,031-5191-4432,2026-05-28,3740000,경기도 수원시
경기도,수원시,시도,,영통로200번길,3,경기도 수원시 영통구 영통로200번길 89,경기도 수원시 영통구 영통동 1121,37.24414974,127.0616742,99,2,N,694,1,3,3,녹색+황색+적색,69+3+48,2,3,1,N,00:00,00:00,N,N,N,,수원시도시안전통합센터,031-5191-4432,2026-05-28,3740000,경기도 수원시
경기도,수원시,시도,,영통로200번길,3,,경기도 수원시 영통구 망포동 341-1,37.2443408,127.0585871,99,2,N,693,1,1,1,황색,0,2,3,1,Y,00:00,23:59,N,N,N,,수원시도시안전통합센터,031-5191-4432,2026-05-28,3740000,경기도 수원시
경기도,수원시,시도,,영통로200번길,3,경기도 수원시 영통구 영통로200번길 21,경기도 수원시 영통구 영통동 1106,37.2446099,127.0578517,99,2,N,692,1,1,1,황색,0,2,3,1,Y,00:00,23:59,N,N,N,,수원시도시안전통합센터,031-5191-4432,2026-05-28,3740000,경기도 수원시
경기도,수원시,시도,,영통로173번길,3,,경기도 수원시 영통구 망포동 303-13,37.24352106,127.053709,99,2,N,691,1,4,3,녹색/녹색화살표+황색+적색,46+3+101,2,3,1,Y,00:00,05:00,N,Y,N,,수원시도시안전통합센터,031-5191-4432,2026-05-28,3740000,경기도 수원시
경기도,수원시,시도,,영통로,3,,경기도 수원시 영통구 망포동 568-3,37.23741869,127.0591274,99,2,N,690,1,4,5,녹색/녹색화살표+녹색/황색+녹색+황색+적색,12+3+89+3+73,2,3,1,N,00:00,00:00,N,Y,N,,수원시도시안전통합센터,031-5191-4432,2026-05-28,3740000,경기도 수원시
경기도,수원시,시도,,영통로,3,,경기도 수원시 영통구 망포동 573-2,37.23723536,127.0597629,99,2,N,689,1,4,5,녹색/녹색화살표+녹색/황색+녹색+황색+적색,17+3+76+3+81,2,3,1,N,00:00,00:00,N,Y,N,,수원시도시안전통합센터,031-5191-4432,2026-05-28,3740000,경기도 수원시
경기도,수원시,시도,,삼성로,3,,경기도 수원시 영통구 매탄동 416-44,37.24909021,127.0497358,99,2,N,688,1,4,5,녹색/녹색화살표+녹색/황색+녹색+황색+적색,34+3+63+3+77,2,3,1,N,00:00,00:00,N,Y,N,,수원시도시안전통합센터,031-5191-4432,2026-05-28,3740000,경기도 수원시
경기도,수원시,시도,,태장로,3,,경기도 수원시 영통구 망포동 233-2,37.23883249,127.0494857,99,1,N,732,1,3,3,녹색+황색+적색,149+3+28,2,3,1,Y,00:00,06:00,N,Y,N,,수원시도시안전통합센터,031-5191-4432,2026-05-28,3740000,경기도 수원시
경기도,수원시,시도,,매영로,3,경기도 수원시 영통구 매영로310번길 35-1,경기도 수원시 영통구 영통동 1062,37.25246538,127.0660349,99,2,N,731,1,4,3,녹색/녹색화살표+황색+적색,73+3+104,2,3,1,N,00:00,00:00,N,Y,N,,수원시도시안전통합센터,031-5191-4432,2026-05-28,3740000,경기도 수원시
경기도,수원시,시도,,덕영대로,3,,경기도 수원시 영통구 망포동 56-15,37.24510204,127.0449157,99,2,Y,714,1,4,5,녹색/녹색화살표+녹색/황색+녹색+황색+적색,17+3+53+3+104,2,3,1,N,00:00,00:00,N,Y,Y,,수원시도시안전통합센터,031-5191-4432,2026-05-28,3740000,경기도 수원시
경기도,수원시,시도,,동탄지성로515번길,3,,경기도 수원시 영통구 망포동 64-12,37.2431688,127.043556,99,2,N,713,1,4,5,녹색+황색+녹색화살표/적색+황색/적색+적색,62+3+12+3+100,2,3,1,Y,00:00,06:30,N,Y,Y,,수원시도시안전통합센터,031-5191-4432,2026-05-28,3740000,경기도 수원시
경기도,수원시,시도,,동탄지성로515번길,3,,경기도 수원시 영통구 망포동 92-19,37.2413044,127.042783,99,2,N,712,1,4,3,녹색/녹색화살표+황색+적색,21+3+156,2,3,1,Y,00:00,05:00,N,Y,Y,,수원시도시안전통합센터,031-5191-4432,2026-05-28,3740000,경기도 수원시
경기도,수원시,시도,,동탄지성로515번길,3,경기도 수원시 영통구 동탄지성로 549-15,경기도 수원시 영통구 망포동 71-27,37.2412889,127.044610,99,2,N,711,1,4,3,녹색/녹색화살표+황색+적색,51+3+126,2,3,1,Y,00:00,05:00,N,Y,Y,,수원시도시안전통합센터,031-5191-4432,2026-05-28,3740000,경기도 수원시
경기도,수원시,시도,,동탄원천로1109번길,3,경기도 수원시 영통구 동탄원천로1109번길 92,경기도 수원시 영통구 매탄동 1200,37.2712924,127.0547216,99,1,N,748,1,3,3,녹색+황색+적색,86+3+31,2,3,1,Y,00:00,05:00,N,Y,N,,수원시도시안전통합센터,031-5191-4432,2026-05-28,3740000,경기도 수원시
경기도,수원시,시도,,매봉로,3,경기도 수원시 영통구 매봉로27번길 11,경기도 수원시 영통구 매탄동 50,37.26939399,127.0517095,99,2,N,746,1,3,3,녹색+황색+적색,61+3+56,2,3,1,Y,00:00,05:00,N,N,N,,수원시도시안전통합센터,031-5191-4432,2026-05-28,3740000,경기도 수원시
경기도,수원시,시도,,동탄원천로1109번길,3,경기도 수원시 영통구 동탄원천로1109번길 92,경기도 수원시 영통구 매탄동 1200,37.2712924,127.0547216,99,1,N,745,1,3,3,녹색+황색+적색,87+3+30,2,3,1,Y,00:00,07:00,N,Y,N,,수원시도시안전통합센터,031-5191-4432,2026-05-28,3740000,경기도 수원시
경기도,수원시,시도,,덕영대로1555번길,3,경기도 수원시 영통구 봉영로 1766-1,경기도 수원시 영통구 영통동 1055,37.26666224,127.0823822,99,1,N,742,1,3,3,녹색+황색+적색,90+3+26,2,3,1,Y,00:00,05:30,N,Y,Y,,수원시도시안전통합센터,031-5191-4432,2026-05-28,3740000,경기도 수원시
경기도,수원시,시도,,청명로,3,경기도 수원시 영통구 청명로 127,경기도 수원시 영통구 영통동 961-16,37.25649562,127.074079,99,2,N,736,1,3,3,녹색+황색+적색,37+3+50,2,3,1,Y,00:00,05:00,N,Y,N,,수원시도시안전통합센터,031-5191-4432,2026-05-28,3740000,경기도 수원시
경기도,수원시,시도,,매영로,3,경기도 수원시 영통구 동탄원천로1109번길 59-1,경기도 수원시 영통구 매탄동 1220,37.27008839,127.0555628,99,1,N,734,1,3,3,녹색+황색+적색,77+3+70,2,3,1,Y,00:00,05:00,N,Y,Y,,수원시도시안전통합센터,031-5191-4432,2026-05-28,3740000,경기도 수원시
경기도,수원시,시도,,영통로154번길,3,,경기도 수원시 영통구 망포동 418-16,37.24130877,127.0586038,99,2,N,780,1,4,3,녹색/녹색화살표+황색+적색,56+3+121,2,3,1,N,00:00,00:00,N,Y,N,,수원시도시안전통합센터,031-5191-4432,2026-05-28,3740000,경기도 수원시
경기도,수원시,시도,,삼성로213번길,3,경기도 수원시 영통구 매영로 150,경기도 수원시 영통구 매탄동 310,37.26523378,127.0586912,99,2,N,778,1,4,3,녹색/녹색화살표+황색+적색,22+3+53,2,3,1,Y,00:00,05:00,N,Y,N,,수원시도시안전통합센터,031-5191-4432,2026-05-28,3740000,경기도 수원시
경기도,수원시,시도,,삼성로320번길,3,경기도 수원시 영통구 삼성로320번길 62,경기도 수원시 영통구 영통동 1153,37.26604056,127.071056,99,2,N,777,1,1,1,황색,0,2,3,1,Y,00:00,23:59,N,N,N,,수원시도시안전통합센터,031-5191-4432,2026-05-28,3740000,경기도 수원시
경기도,수원시,시도,,덕영대로1484번길,3,,경기도 수원시 영통구 망포동 303-2,37.24407744,127.0530357,99,2,N,769,1,4,5,녹색+황색+녹색화살표/적색+황색/적색+적색,68+3+46+3+30,2,3,1,N,00:00,00:00,N,N,N,,수원시도시안전통합센터,031-5191-4432,2026-05-28,3740000,경기도 수원시
경기도,수원시,시도,,덕영대로1484번길,3,,경기도 수원시 영통구 망포동 305-2,37.24454204,127.053187,99,2,N,768,1,4,4,녹색+녹색/녹색화살표+황색+적색,87+22+3+38,2,3,1,N,00:00,00:00,N,N,N,,수원시도시안전통합센터,031-5191-4432,2026-05-28,3740000,경기도 수원시
경기도,수원시,시도,,태장로54번길,3,경기도 수원시 영통구 태장로54번길 122,경기도 수원시 영통구 망포동 702,37.23428014,127.0525159,99,2,N,767,1,4,3,녹색/녹색화살표+황색+적색,30+3+97,2,3,1,Y,00:00,05:00,N,Y,N,,수원시도시안전통합센터,031-5191-4432,2026-05-28,3740000,경기도 수원시
경기도,수원시,시도,,매탄로,3,경기도 수원시 영통구 매탄로126번길 11,경기도 수원시 영통구 매탄동 1247,37.26262774,127.0447779,99,1,N,766,1,3,3,녹색+황색+적색,40+3+0,2,3,1,Y,00:00,05:00,Y,Y,N,,수원시도시안전통합센터,031-5191-4432,2026-05-28,3740000,경기도 수원시
경기도,수원시,시도,,매탄로,3,경기도 수원시 영통구 매원로 1,경기도 수원시 영통구 매탄동 207-62,37.26702835,127.0464046,99,2,N,758,1,3,3,녹색+황색+적색,17+3+40,2,3,1,Y,00:00,05:00,N,Y,N,,수원시도시안전통합센터,031-5191-4432,2026-05-28,3740000,경기도 수원시
경기도,수원시,시도,,매탄로,3,경기도 수원시 영통구 매탄로196번길 1,경기도 수원시 영통구 매탄동 207-16,37.267785,127.0467425,99,1,N,757,1,3,3,녹색+황색+적색,32+3+25,2,3,1,Y,00:00,05:00,N,Y,N,,수원시도시안전통합센터,031-5191-4432,2026-05-28,3740000,경기도 수원시
경기도,수원시,시도,,봉영로,3,,경기도 수원시 영통구 영통동 982-1,37.24515084,127.065586,99,2,Y,792,1,4,99,녹색+녹색/녹색화살표+황색+녹색화살표/적색+황색/적색+적색,59+72+3+43+3+0,2,3,1,N,00:00,00:00,N,Y,N,,수원시도시안전통합센터,031-5191-4432,2026-05-28,3740000,경기도 수원시
경기도,수원시,시도,,중부대로,3,경기도 수원시 영통구 중부대로 412,경기도 수원시 영통구 원천동 194-3,37.2702063,127.060216,99,2,Y,791,1,4,5,녹색/녹색화살표+황색+녹색+황색+적색,22+3+73+3+79,2,3,1,N,00:00,00:00,N,Y,N,,수원시도시안전통합센터,031-5191-4432,2026-05-28,3740000,경기도 수원시
경기도,수원시,시도,,광교로,3,경기도 수원시 영통구 에듀타운로 108,경기도 수원시 영통구 이의동 1351,37.29032276,127.0454532,99,2,N,786,1,4,5,녹색/녹색화살표+황색+녹색+황색+적색,22+3+58+3+74,2,3,1,N,00:00,00:00,N,Y,Y,,수원시도시안전통합센터,031-5191-4432,2026-05-28,3740000,경기도 수원시
경기도,수원시,시도,,광교로,3,,경기도 수원시 영통구 이의동 1351-4,37.2914607,127.0468926,99,2,N,785,1,4,5,녹색/녹색화살표+황색+녹색+황색+적색,40+3+65+3+49,2,3,1,N,00:00,00:00,N,Y,Y,,수원시도시안전통합센터,031-5191-4432,2026-05-28,3740000,경기도 수원시
경기도,수원시,시도,,매탄로,3,,경기도 수원시 영통구 매탄동 1170-5,37.25524896,127.0401361,99,2,N,1220,1,3,3,녹색+황색+적색,138+3+39,2,3,1,N,00:00,00:00,N,Y,Y,,수원시도시안전통합센터,031-5191-4432,2026-05-28,3740000,경기도 수원시
경기도,수원시,시도,,매영로,3,,경기도 수원시 영통구 영통동 62-3,37.2575609,127.065621,99,2,N,1218,1,4,5,녹색/녹색화살표+녹색/황색+녹색+황색+적색,15+3+25+3+114,2,3,1,N,00:00,00:00,N,Y,Y,,수원시도시안전통합센터,031-5191-4432,2026-05-28,3740000,경기도 수원시
경기도,수원시,시도,,영통로,3,,경기도 수원시 영통구 영통동 39,37.26083228,127.0713343,99,2,N,1234,1,1,1,황색,0,2,3,1,Y,00:00,23:59,N,Y,Y,,수원시도시안전통합센터,031-5191-4432,2026-05-28,3740000,경기도 수원시
경기도,수원시,시도,,망포로,3,,경기도 수원시 영통구 망포동 92-40,37.2402882,127.042594,99,2,N,1232,1,4,5,녹색+황색+녹색화살표/적색+황색/적색+적색,58+3+17+3+99,2,3,1,N,00:00,00:00,N,Y,Y,,수원시도시안전통합센터,031-5191-4432,2026-05-28,3740000,경기도 수원시
경기도,수원시,시도,,망포로,3,,경기도 수원시 영통구 망포동 92-49,37.2391266,127.042379,99,2,N,1231,1,4,5,녹색+황색+녹색화살표/적색+황색/적색+적색,66+3+22+3+86,2,3,1,N,00:00,00:00,N,Y,Y,,수원시도시안전통합센터,031-5191-4432,2026-05-28,3740000,경기도 수원시
경기도,수원시,시도,,망포로,3,,경기도 수원시 영통구 망포동 84-14,37.2387764,127.043924,99,2,N,1230,1,4,5,녹색+황색+녹색화살표/적색+황색/적색+적색,46+3+17+3+111,2,3,1,N,00:00,00:00,N,Y,Y,,수원시도시안전통합센터,031-5191-4432,2026-05-28,3740000,경기도 수원시
경기도,수원시,시도,,태장로,3,,경기도 수원시 영통구 망포동 685-6,37.23629436,127.052888,99,2,N,1229,1,4,5,녹색/녹색화살표+녹색/황색+녹색+황색+적색,22+3+76+3+26,2,3,1,N,00:00,00:00,N,N,N,,수원시도시안전통합센터,031-5191-4432,2026-05-28,3740000,경기도 수원시
경기도,수원시,시도,,영통로,3,,경기도 수원시 영통구 망포동 698,37.23723616,127.055762,99,1,N,1225,1,3,3,녹색+황색+적색,105+3+22,2,3,1,N,00:00,00:00,N,Y,Y,,수원시도시안전통합센터,031-5191-4432,2026-05-28,3740000,경기도 수원시
경기도,수원시,시도,,산남로,3,,경기도 수원시 영통구 매탄동 196-110,37.27027985,127.049063,99,2,N,1266,1,3,3,녹색+황색+적색,22+3+95,2,3,1,Y,19:00,07:00,N,Y,N,,수원시도시안전통합센터,031-5191-4432,2026-05-28,3740000,경기도 수원시
경기도,수원시,시도,,곡선로,3,,경기도 수원시 영통구 망포동 57-14,37.2391223,127.039825,99,2,N,1256,1,3,3,녹색+황색+적색,107+3+80,2,3,1,N,00:00,00:00,N,Y,Y,,수원시도시안전통합센터,031-5191-4432,2026-05-28,3740000,경기도 수원시
경기도,수원시,시도,,망포로48번길,3,,경기도 수원시 영통구 망포동 772-88,37.2390198,127.037583,99,2,N,1255,1,1,1,황색,0,2,3,1,Y,00:00,23:59,N,Y,Y,,수원시도시안전통합센터,031-5191-4432,2026-05-28,3740000,경기도 수원시
경기도,수원시,시도,,망포로48번길,3,,경기도 수원시 영통구 망포동 772-42,37.2407067,127.037964,99,2,N,1254,1,4,4,녹색+녹색/녹색화살표+황색+적색,110+17+3+50,2,3,1,N,00:00,00:00,N,Y,Y,,수원시도시안전통합센터,031-5191-4432,2026-05-28,3740000,경기도 수원시
경기도,수원시,시도,,망포로47번길,3,,경기도 수원시 영통구 망포동 772-23,37.2414583,127.038538,99,2,N,1253,1,4,3,녹색/녹색화살표+황색+적색,42+3+135,2,3,1,N,00:00,00:00,N,Y,Y,,수원시도시안전통합센터,031-5191-4432,2026-05-28,3740000,경기도 수원시
경기도,수원시,시도,,망포로47번길,3,,경기도 수원시 영통구 망포동 771-9,37.243521,127.039760,99,2,N,1252,1,4,5,녹색/녹색화살표+녹색/황색+녹색+황색+적색,17+3+102+3+55,2,3,1,N,00:00,00:00,N,Y,Y,,수원시도시안전통합센터,031-5191-4432,2026-05-28,3740000,경기도 수원시
경기도,수원시,시도,,태장로7번길,3,,경기도 수원시 영통구 망포동 753,37.24030446,127.0483246,99,1,N,1296,1,3,3,녹색+황색+적색,48+5+97,2,3,1,Y,22:00,07:00,N,Y,N,,수원시도시안전통합센터,031-5191-4432,2026-05-28,3740000,경기도 수원시
경기도,수원시,시도,,청명로,3,,경기도 수원시 영통구 영통동 961-16,37.256416,127.0740232,99,2,N,1319,1,4,3,녹색/녹색화살표+황색+적색,33+3+144,2,3,1,N,00:00,00:00,N,Y,N,,수원시도시안전통합센터,031-5191-4432,2026-05-28,3740000,경기도 수원시
경기도,수원시,시도,,영통로,3,,경기도 수원시 영통구 영통동 975-1,37.24659431,127.0573149,99,2,N,1312,1,3,3,녹색+황색+적색,125+4+51,2,3,1,N,00:00,00:00,N,Y,N,,수원시도시안전통합센터,031-5191-4432,2026-05-28,3740000,경기도 수원시
경기도,수원시,시도,,매영로,3,,경기도 수원시 영통구 영통동 1019-4,37.24885084,127.0781802,99,2,N,1306,1,3,3,녹색+황색+적색,77+4+99,2,3,1,N,00:00,00:00,N,Y,N,,수원시도시안전통합센터,031-5191-4432,2026-05-28,3740000,경기도 수원시
경기도,수원시,시도,,영일로,3,,경기도 수원시 영통구 영통동 1015-1,37.24937786,127.0766546,99,2,N,1302,1,3,3,녹색+황색+적색,94+4+22,2,3,1,N,00:00,00:00,N,Y,N,,수원시도시안전통합센터,031-5191-4432,2026-05-28,3740000,경기도 수원시
경기도,수원시,시도,,광교호수로,3,경기도 수원시 영통구 광교호수로 129,경기도 수원시 영통구 하동 1024,37.28091452,127.0658507,99,2,N,987,1,1,1,황색,0,2,3,1,Y,00:00,23:59,N,N,N,,수원시도시안전통합센터,031-5191-4432,2026-05-28,3740000,경기도 수원시
경기도,수원시,시도,,광교중앙로248번길,3,경기도 수원시 영통구 광교중앙로248번길 95-1,경기도 수원시 영통구 하동 986-4,37.2915146,127.0683642,99,2,N,986,1,1,1,황색,0,2,3,1,Y,00:00,23:59,N,N,Y,,수원시도시안전통합센터,031-5191-4432,2026-05-28,3740000,경기도 수원시
경기도,수원시,시도,,광교중앙로248번길,3,경기도 수원시 영통구 광교중앙로248번길 7-2,경기도 수원시 영통구 하동 989,37.29103336,127.0666707,99,2,N,985,1,1,1,황색,0,2,3,1,Y,00:00,23:59,N,Y,Y,,수원시도시안전통합센터,031-5191-4432,2026-05-28,3740000,경기도 수원시
경기도,수원시,시도,,월드컵로42번길,3,경기도 수원시 영통구 광교호수공원로 155,경기도 수원시 영통구 원천동 590,37.27661056,127.060176,99,2,N,984,1,4,5,녹색/녹색화살표+황색+녹색+황색+적색,22+3+122+3+30,2,3,1,Y,00:00,05:00,N,Y,Y,,수원시도시안전통합센터,031-5191-4432,2026-05-28,3740000,경기도 수원시
경기도,수원시,시도,,센트럴타운로100번길,3,,경기도 수원시 영통구 이의동 355,37.29311971,127.051040,99,2,N,983,1,4,5,녹색+황색+녹색화살표/적색+황색/적색+적색,102+3+27+3+25,2,3,1,Y,00:00,07:30,N,Y,Y,,수원시도시안전통합센터,031-5191-4432,2026-05-28,3740000,경기도 수원시
경기도,수원시,시도,,센트럴타운로100번길,3,,경기도 수원시 영통구 이의동 1381-4,37.29286988,127.0511439,99,2,N,982,1,3,3,녹색+황색+적색,107+3+50,2,3,1,Y,00:00,06:00,N,Y,Y,,수원시도시안전통합센터,031-5191-4432,2026-05-28,3740000,경기도 수원시
경기도,수원시,시도,,웰빙타운로,3,,경기도 수원시 영통구 이의동 1373-14,37.3053868,127.0491816,99,2,N,981,1,4,5,녹색+황색+녹색화살표/적색+황색/적색+적색,73+3+12+3+69,2,3,1,N,00:00,00:00,N,Y,Y,,수원시도시안전통합센터,031-5191-4432,2026-05-28,3740000,경기도 수원시
경기도,수원시,시도,,웰빙타운로,3,경기도 수원시 영통구 웰빙타운로 70,경기도 수원시 영통구 이의동 1184,37.30661576,127.0447261,99,2,N,980,1,4,4,녹색+녹색/녹색화살표+황색+적색,37+7+3+113,2,3,1,Y,00:00,05:00,N,Y,Y,,수원시도시안전통합센터,031-5191-4432,2026-05-28,3740000,경기도 수원시
경기도,수원시,시도,,의상길,3,,경기도 수원시 영통구 이의동 1373-5,37.30628925,127.047479,99,2,N,979,1,4,5,녹색+황색+녹색화살표/적색+황색/적색+적색,105+3+34+3+15,2,3,1,Y,00:00,05:00,N,Y,Y,,수원시도시안전통합센터,031-5191-4432,2026-05-28,3740000,경기도 수원시
경기도,수원시,시도,,법조로,3,,경기도 수원시 영통구 하동 1044-2,37.28694657,127.0638496,99,2,N,978,1,4,3,녹색/녹색화살표+황색+적색,50+3+107,2,3,1,N,00:00,00:00,N,Y,Y,,수원시도시안전통합센터,031-5191-4432,2026-05-28,3740000,경기도 수원시
경기도,수원시,시도,,법조로,3,,경기도 수원시 영통구 하동 1046-2,37.28682071,127.0596624,99,2,N,977,1,3,3,녹색화살표/적색+황색/적색+적색,119+3+38,2,3,1,N,00:00,00:00,N,Y,Y,,수원시도시안전통합센터,031-5191-4432,2026-05-28,3740000,경기도 수원시
경기도,수원시,시도,,광교중앙로,3,,경기도 수원시 영통구 이의동 1381-23,37.28828442,127.059815,99,2,N,976,1,4,5,녹색/녹색화살표+녹색/황색+녹색+황색+적색,22+3+36+3+96,2,3,1,N,00:00,00:00,N,Y,Y,,수원시도시안전통합센터,031-5191-4432,2026-05-28,3740000,경기도 수원시
경기도,수원시,시도,,광교중앙로,3,,경기도 수원시 영통구 하동 1044-1,37.28892477,127.0627644,99,2,N,975,1,4,5,녹색/녹색화살표+녹색/황색+녹색+황색+적색,20+3+39+3+95,2,3,1,N,00:00,00:00,N,Y,Y,,수원시도시안전통합센터,031-5191-4432,2026-05-28,3740000,경기도 수원시
경기도,수원시,시도,,법조로,3,경기도 수원시 영통구 법조로 145,경기도 수원시 영통구 하동 977,37.29235868,127.0711898,99,2,N,974,1,4,5,녹색+황색+녹색화살표/적색+황색/적색+적색,27+3+14+3+113,2,3,1,N,00:00,00:00,N,Y,Y,,수원시도시안전통합센터,031-5191-4432,2026-05-28,3740000,경기도 수원시
경기도,수원시,시도,,법조로,3,경기도 수원시 영통구 법조로 129,경기도 수원시 영통구 하동 981,37.2913276,127.0707668,99,2,N,973,1,4,5,녹색/녹색화살표+녹색/황색+녹색+황색+적색,17+3+32+3+105,2,3,1,N,00:00,00:00,N,Y,Y,,수원시도시안전통합센터,031-5191-4432,2026-05-28,3740000,경기도 수원시
경기도,수원시,시도,,법조로,3,경기도 수원시 영통구 광교중앙로266번길 79,경기도 수원시 영통구 하동 982,37.29046044,127.0707723,99,2,N,972,1,4,5,녹색+황색+녹색화살표/적색+황색/적색+적색,73+3+39+3+42,2,3,1,N,00:00,00:00,N,Y,Y,,수원시도시안전통합센터,031-5191-4432,2026-05-28,3740000,경기도 수원시
경기도,수원시,시도,,매영로,3,,경기도 수원시 영통구 매탄동 1212,37.26847708,127.0537706,99,1,N,1323,1,3,3,녹색+황색+적색,123+3+34,2,3,1,N,00:00,00:00,N,Y,N,,수원시도시안전통합센터,031-5191-4432,2026-05-28,3740000,경기도 수원시
경기도,수원시,시도,,대학로,3,,경기도 수원시 영통구 이의동 1373-20,37.30320731,127.0470856,99,2,N,1009,1,4,5,녹색/녹색화살표+황색+녹색+황색+적색,12+3+113+3+29,2,3,1,Y,00:00,05:00,N,Y,N,,수원시도시안전통합센터,031-5191-4432,2026-05-28,3740000,경기도 수원시
경기도,수원시,시도,,청명북로,3,경기도 수원시 영통구 청명북로 118,경기도 수원시 영통구 영통동 955-3,37.26185806,127.0781262,99,2,N,994,1,4,5,녹색+황색+녹색화살표/적색+황색/적색+적색,27+3+13+3+54,2,3,1,Y,23:00,07:00,N,Y,N,,수원시도시안전통합센터,031-5191-4432,2026-05-28,3740000,경기도 수원시
경기도,수원시,시도,,광교호수공원로277번길,3,,경기도 수원시 영통구 원천동 625-4,37.28211368,127.0592529,99,2,N,993,1,4,3,녹색/녹색화살표+황색+적색,29+3+128,2,3,1,N,00:00,00:00,N,Y,N,,수원시도시안전통합센터,031-5191-4432,2026-05-28,3740000,경기도 수원시
경기도,수원시,시도,,동탄원천로881번길,3,경기도 수원시 영통구 동탄원천로881번길 66,경기도 수원시 영통구 매탄동 1279-4,37.25588056,127.0428119,99,1,N,991,1,3,3,녹색+황색+적색,67+3+30,2,3,1,N,00:00,00:00,N,Y,N,,수원시도시안전통합센터,031-5191-4432,2026-05-28,3740000,경기도 수원시
경기도,수원시,시도,,에듀타운로,3,경기도 수원시 영통구 에듀타운로 25,경기도 수원시 영통구 이의동 1369,37.28492971,127.0517528,99,1,N,990,1,3,3,녹색+황색+적색,57+3+35,2,3,1,Y,00:00,05:00,N,Y,N,,수원시도시안전통합센터,031-5191-4432,2026-05-28,3740000,경기도 수원시
경기도,수원시,시도,,월드컵로,3,,경기도 수원시 영통구 원천동 625-2,37.27260451,127.0615274,99,1,N,989,1,3,3,녹색+황색+적색,75+3+32,2,3,1,N,00:00,00:00,N,Y,N,,수원시도시안전통합센터,031-5191-4432,2026-05-28,3740000,경기도 수원시
경기도,수원시,시도,,반달로,3,,경기도 수원시 영통구 영통동 1079,37.25109783,127.0754245,99,2,N,1032,1,3,3,녹색+황색+적색,72+3+55,2,3,1,Y,09:00,17:00,N,Y,Y,,수원시도시안전통합센터,031-5191-4432,2026-05-28,3740000,경기도 수원시
경기도,수원시,시도,,매영로310번길,3,경기도 수원시 영통구 매영로310번길 31,경기도 수원시 영통구 영통동 965-2,37.25259136,127.0663398,99,2,N,1029,1,3,3,녹색+황색+적색,53+3+34,2,3,1,N,00:00,00:00,N,Y,N,,수원시도시안전통합센터,031-5191-4432,2026-05-28,3740000,경기도 수원시
경기도,수원시,시도,,영통로153번길,3,,경기도 수원시 영통구 망포동 295-12,37.24145209,127.053567,99,2,N,1026,1,3,3,녹색+황색+적색,56+3+47,2,3,1,N,00:00,00:00,N,Y,N,,수원시도시안전통합센터,031-5191-4432,2026-05-28,3740000,경기도 수원시
경기도,수원시,시도,,광교호수로152번길,3,,경기도 수원시 영통구 하동 1047-1,37.28000819,127.0702489,99,2,N,1025,1,4,3,녹색/녹색화살표+황색+적색,47+3+100,2,3,1,N,00:00,00:00,N,Y,N,,수원시도시안전통합센터,031-5191-4432,2026-05-28,3740000,경기도 수원시
경기도,수원시,시도,,광교호수로,3,경기도 수원시 영통구 광교호수로 129,경기도 수원시 영통구 하동 1024,37.28091452,127.0658507,99,2,N,1024,1,1,1,황색,0,2,3,1,Y,00:00,23:59,N,N,N,,수원시도시안전통합센터,031-5191-4432,2026-05-28,3740000,경기도 수원시
경기도,수원시,시도,,광교호수공원로,3,,경기도 수원시 영통구 원천동 625-4,37.28211368,127.0592529,99,2,N,1023,1,4,5,녹색/녹색화살표+녹색/황색+녹색+황색+적색,12+3+44+3+31,2,3,1,Y,00:00,05:00,N,Y,N,,수원시도시안전통합센터,031-5191-4432,2026-05-28,3740000,경기도 수원시
경기도,수원시,시도,,광교호수공원로,3,,경기도 수원시 영통구 원천동 625-4,37.28211368,127.0592529,99,1,N,1022,1,3,3,녹색+황색+적색,59+3+28,2,3,1,Y,00:00,05:00,N,Y,N,,수원시도시안전통합센터,031-5191-4432,2026-05-28,3740000,경기도 수원시
경기도,수원시,시도,,월드컵로,3,,경기도 수원시 영통구 원천동 625-2,37.27260451,127.0615274,99,2,N,1021,1,4,5,녹색+황색+녹색화살표/적색+황색/적색+적색,88+3+36+3+50,2,3,1,N,00:00,00:00,N,Y,Y,,수원시도시안전통합센터,031-5191-4432,2026-05-28,3740000,경기도 수원시
경기도,수원시,시도,,광교로42번길,3,,경기도 수원시 영통구 이의동 1360-2,37.28589322,127.0438424,99,2,N,1017,1,1,1,황색,0,2,3,1,Y,00:00,23:59,N,N,N,,수원시도시안전통합센터,031-5191-4432,2026-05-28,3740000,경기도 수원시
경기도,수원시,시도,,센트럴파크로,3,,경기도 수원시 영통구 이의동 1381-6,37.29235117,127.0577646,99,2,N,1016,1,4,4,녹색+녹색/녹색화살표+황색+적색,120+17+3+20,2,3,1,N,00:00,00:00,N,N,N,,수원시도시안전통합센터,031-5191-4432,2026-05-28,3740000,경기도 수원시
경기도,수원시,시도,,센트럴파크로,3,,경기도 수원시 영통구 이의동 1381-6,37.29235117,127.0577646,99,2,N,1015,1,4,5,녹색+황색+녹색화살표/적색+황색/적색+적색,97+3+37+3+20,2,3,1,N,00:00,00:00,N,Y,Y,,수원시도시안전통합센터,031-5191-4432,2026-05-28,3740000,경기도 수원시
경기도,수원시,시도,,창룡대로,3,,경기도 수원시 영통구 이의동 1294-7,37.295982,127.0558786,99,2,Y,1014,1,4,5,녹색/녹색화살표+황색+녹색+황색+적색,27+3+89+3+38,2,3,1,N,00:00,00:00,N,Y,Y,,수원시도시안전통합센터,031-5191-4432,2026-05-28,3740000,경기도 수원시
경기도,수원시,시도,,법조로,3,,경기도 수원시 영통구 하동 1041,37.29118745,127.0716896,99,2,N,1012,1,4,4,녹색+녹색/녹색화살표+황색+적색,85+27+3+45,2,3,1,N,00:00,00:00,N,Y,Y,,수원시도시안전통합센터,031-5191-4432,2026-05-28,3740000,경기도 수원시
경기도,수원시,시도,,법조로,3,,경기도 수원시 영통구 하동 1041,37.29118745,127.0716896,99,2,N,1011,1,4,4,녹색+녹색/녹색화살표+황색+적색,85+27+3+45,2,3,1,N,00:00,00:00,N,Y,Y,,수원시도시안전통합센터,031-5191-4432,2026-05-28,3740000,경기도 수원시
경기도,수원시,시도,,동탄지성로515번길,3,,경기도 수원시 영통구 망포동 64-12,37.242492,127.041030,99,1,N,1050,1,1,1,황색,0,2,3,1,Y,00:00,23:59,N,Y,Y,,수원시도시안전통합센터,031-5191-4432,2026-05-28,3740000,경기도 수원시
경기도,수원시,시도,,동탄지성로515번길,3,,경기도 수원시 영통구 망포동 39-47,37.2413368,127.040680,99,1,N,1049,1,1,1,황색,0,2,3,1,Y,00:00,23:59,N,Y,Y,,수원시도시안전통합센터,031-5191-4432,2026-05-28,3740000,경기도 수원시
경기도,수원시,시도,,동탄원천로881번길,3,,경기도 수원시 영통구 매탄동 1348,37.25406019,127.0413704,99,1,N,1047,1,3,3,녹색+황색+적색,36+3+21,2,3,1,Y,00:00,05:00,N,Y,N,,수원시도시안전통합센터,031-5191-4432,2026-05-28,3740000,경기도 수원시
경기도,수원시,시도,,용서고속도로,2,,경기도 수원시 영통구 이의동 1374,37.29911741,127.0598061,99,1,N,1046,1,3,3,녹색+황색+적색,8+3+19,2,3,1,N,00:00,00:00,Y,N,N,,수원시도시안전통합센터,031-5191-4432,2026-05-28,3740000,경기도 수원시
경기도,수원시,시도,,용서고속도로,1,,경기도 수원시 영통구 이의동 1374,37.29911741,127.059827,99,1,N,1045,1,3,3,녹색+황색+적색,9+3+18,2,3,1,N,00:00,00:00,Y,N,N,,수원시도시안전통합센터,031-5191-4432,2026-05-28,3740000,경기도 수원시
경기도,수원시,시도,,매영로,3,경기도 수원시 영통구 청명남로 3,경기도 수원시 영통구 영통동 999-2,37.25072437,127.0729749,99,2,N,1044,1,3,3,녹색+황색+적색,87+3+30,2,3,1,N,00:00,00:00,N,Y,N,,수원시도시안전통합센터,031-5191-4432,2026-05-28,3740000,경기도 수원시
경기도,수원시,시도,,웰빙타운로,3,경기도 수원시 영통구 웰빙타운로 47,경기도 수원시 영통구 이의동 1201,37.30510865,127.0462345,99,2,N,1041,1,4,5,녹색+황색+녹색화살표/적색+황색/적색+적색,43+3+22+3+89,2,3,1,Y,00:00,05:00,N,Y,Y,,수원시도시안전통합센터,031-5191-4432,2026-05-28,3740000,경기도 수원시
경기도,수원시,시도,,산남로,3,,경기도 수원시 영통구 매탄동 914,37.27095981,127.0463143,99,1,N,1038,1,3,3,녹색+황색+적색,35+3+22,2,3,1,N,00:00,00:00,N,Y,N,,수원시도시안전통합센터,031-5191-4432,2026-05-28,3740000,경기도 수원시
경기도,수원시,시도,,영통로,3,,경기도 수원시 영통구 영통동 1057-2,37.25130207,127.0600583,99,1,N,1072,1,3,3,녹색+황색+적색,126+3+31,2,3,1,Y,00:00,05:00,N,Y,N,,수원시도시안전통합센터,031-5191-4432,2026-05-28,3740000,경기도 수원시
경기도,수원시,시도,,동탄지성로470번길,3,,경기도 수원시 영통구 망포동 234-20,37.23441043,127.0507266,99,1,N,1064,1,3,3,녹색+황색+적색,65+3+22,2,3,1,Y,21:00,07:00,N,Y,N,,수원시도시안전통합센터,031-5191-4432,2026-05-28,3740000,경기도 수원시
경기도,수원시,시도,,삼성로213번길,3,,경기도 수원시 영통구 매탄동 260-9,37.2645675,127.054096,99,2,N,1061,1,1,1,황색,0,2,3,1,Y,00:00,23:59,N,N,N,,수원시도시안전통합센터,031-5191-4432,2026-05-28,3740000,경기도 수원시
경기도,수원시,시도,,센트럴파크로,3,,경기도 수원시 영통구 하동 1044-2,37.28694657,127.0638496,99,1,N,1060,1,1,1,황색,0,2,3,1,Y,00:00,23:59,N,Y,Y,,수원시도시안전통합센터,031-5191-4432,2026-05-28,3740000,경기도 수원시
경기도,수원시,시도,,매영로,3,경기도 수원시 영통구 매탄로 159-1,경기도 수원시 영통구 매탄동 916,37.26467536,127.0450284,99,2,N,1059,1,3,3,녹색+황색+적색,145+3+32,2,3,1,Y,00:00,05:00,N,Y,N,,수원시도시안전통합센터,031-5191-4432,2026-05-28,3740000,경기도 수원시
경기도,수원시,시도,,태장로54번길,3,경기도 수원시 영통구 태장로82번길 32,경기도 수원시 영통구 망포동 686,37.23629436,127.0528784,99,1,N,1106,1,3,3,녹색+황색+적색,5+3+28,2,3,1,N,00:00,00:00,N,Y,N,,수원시도시안전통합센터,031-5191-4432,2026-05-28,3740000,경기도 수원시
경기도,수원시,시도,,영통로,3,경기도 수원시 영통구 영통로 301,경기도 수원시 영통구 매탄동 548,37.25316938,127.0611449,99,1,N,1099,1,3,3,녹색+황색+적색,124+3+33,2,3,1,Y,00:00,05:00,N,Y,N,,수원시도시안전통합센터,031-5191-4432,2026-05-28,3740000,경기도 수원시
경기도,수원시,시도,,영통로501번길,3,,경기도 수원시 영통구 영통동 1058,37.26468225,127.0771085,99,2,N,1089,1,3,3,녹색+황색+적색,42+3+75,2,3,1,Y,23:00,05:00,N,Y,Y,,수원시도시안전통합센터,031-5191-4432,2026-05-28,3740000,경기도 수원시
경기도,수원시,시도,,광교호수공원로,3,,경기도 수원시 영통구 원천동 625,37.27525056,127.0604309,99,1,N,1087,1,3,3,녹색+황색+적색,151+3+26,2,3,1,Y,00:00,05:00,N,Y,N,,수원시도시안전통합센터,031-5191-4432,2026-05-28,3740000,경기도 수원시
경기도,수원시,시도,,매봉로,3,경기도 수원시 영통구 동탄원천로1109번길 59-1,경기도 수원시 영통구 매탄동 1220,37.27008839,127.0555628,99,2,N,1086,1,4,99,녹색화살표/적색+녹색/녹색화살표+황색/녹색화살표+녹색화살표/적색+녹색/녹색화살표+황색+적색,23+22+3+23+61+3+45,2,3,1,Y,21:00,06:30,N,Y,N,,수원시도시안전통합센터,031-5191-4432,2026-05-28,3740000,경기도 수원시
경기도,수원시,시도,,인계로,3,경기도 수원시 영통구 매탄로 159-1,경기도 수원시 영통구 매탄동 916,37.26467536,127.0450284,99,1,N,1085,1,3,3,녹색+황색+적색,85+3+25,2,3,1,Y,00:00,05:00,N,Y,N,,수원시도시안전통합센터,031-5191-4432,2026-05-28,3740000,경기도 수원시
경기도,수원시,시도,,법조로150번길,3,경기도 수원시 영통구 법조로150번길 47,경기도 수원시 영통구 하동 993,37.29307671,127.0756898,99,2,N,1117,1,1,1,황색,0,2,3,1,Y,00:00,23:59,N,Y,N,,수원시도시안전통합센터,031-5191-4432,2026-05-28,3740000,경기도 수원시
경기도,수원시,시도,,동탄원천로881번길,3,,경기도 수원시 영통구 매탄동 1283,37.25515484,127.042239,99,1,N,1113,1,3,3,녹색+황색+적색,67+3+30,2,3,1,N,00:00,00:00,N,Y,N,,수원시도시안전통합센터,031-5191-4432,2026-05-28,3740000,경기도 수원시
경기도,수원시,시도,,광교로,3,,경기도 수원시 영통구 이의동 469,37.30147654,127.051208,99,1,N,1109,1,3,3,녹색+황색+적색,10+3+27,2,3,1,N,00:00,00:00,Y,N,N,,수원시도시안전통합센터,031-5191-4432,2026-05-28,3740000,경기도 수원시
경기도,수원시,시도,,인계로189번길,3,,경기도 수원시 영통구 매탄동 931,37.26793089,127.0390551,99,1,N,1107,1,3,3,녹색+황색+적색,2+3+20,2,3,1,N,00:00,00:00,N,Y,N,,수원시도시안전통합센터,031-5191-4432,2026-05-28,3740000,경기도 수원시
경기도,수원시,시도,,매탄로,3,경기도 수원시 영통구 매탄로79번길 6-2,경기도 수원시 영통구 매탄동 1270-5,37.25828534,127.0421076,99,1,N,1134,1,3,3,녹색+황색+적색,95+3+25,2,3,1,N,00:00,00:00,N,Y,N,,수원시도시안전통합센터,031-5191-4432,2026-05-28,3740000,경기도 수원시
경기도,수원시,시도,,영통로290번길,3,경기도 수원시 영통구 영통로290번길 28,경기도 수원시 영통구 영통동 972-8,37.25125429,127.062219,99,1,N,1168,1,3,3,녹색+황색+적색,65+3+22,2,3,1,Y,00:00,05:00,N,Y,N,,수원시도시안전통합센터,031-5191-4432,2026-05-28,3740000,경기도 수원시
경기도,수원시,시도,,중부대로,3,,경기도 수원시 영통구 원천동 165-22,37.27076252,127.0599193,99,1,Y,1194,1,3,3,녹색+황색+적색,133+3+44,2,3,1,N,00:00,00:00,N,Y,Y,,수원시도시안전통합센터,031-5191-4432,2026-05-28,3740000,경기도 수원시
경기도,수원시,시도,,태장로,3,,경기도 수원시 영통구 망포동 205-2,37.2383006,127.0469505,99,2,N,1193,1,4,5,녹색화살표/적색+황색/적색+녹색+황색+적색,17+3+115+3+42,2,3,1,N,00:00,00:00,N,Y,N,,수원시도시안전통합센터,031-5191-4432,2026-05-28,3740000,경기도 수원시
경기도,수원시,시도,,권광로304번길,3,경기도 수원시 영통구 권광로304번길 47-18,경기도 수원시 영통구 매탄동 170-8,37.27374862,127.0404001,99,1,N,1180,1,3,3,녹색+황색+적색,36+3+31,2,3,1,N,00:00,00:00,N,Y,N,,수원시도시안전통합센터,031-5191-4432,2026-05-28,3740000,경기도 수원시
경기도,수원시,시도,,권광로304번길,3,경기도 수원시 영통구 권광로304번길 53,경기도 수원시 영통구 매탄동 170-20,37.27386731,127.039860,99,1,N,1179,1,3,3,녹색+황색+적색,36+3+31,2,3,1,N,00:00,00:00,N,Y,N,,수원시도시안전통합센터,031-5191-4432,2026-05-28,3740000,경기도 수원시
경기도,수원시,시도,,영통로174번길,3,,경기도 수원시 영통구 망포동 332-4,37.24324271,127.0567026,99,1,N,1342,1,3,3,녹색+황색+적색,37+3+20,2,3,1,Y,00:00,05:00,N,Y,N,,수원시도시안전통합센터,031-5191-4432,2026-05-28,3740000,경기도 수원시
경기도,수원시,시도,,태장로36번길,3,,경기도 수원시 영통구 망포동 234-6,37.235564,127.0477552,99,2,N,1341,1,4,5,녹색/녹색화살표+녹색/황색+녹색+황색+적색,14+4+52+4+66,2,3,1,N,00:00,00:00,N,Y,Y,,수원시도시안전통합센터,031-5191-4432,2026-05-28,3740000,경기도 수원시
경기도,수원시,시도,,태장로36번길,3,,경기도 수원시 영통구 망포동 234-6,37.235564,127.0477552,99,1,N,1340,1,3,3,녹색+황색+적색,44+4+92,2,3,1,N,00:00,00:00,N,Y,Y,,수원시도시안전통합센터,031-5191-4432,2026-05-28,3740000,경기도 수원시
경기도,수원시,시도,,태장로36번길,3,,경기도 수원시 영통구 망포동 234-6,37.235564,127.0477552,99,2,N,1339,1,4,3,녹색/녹색화살표+황색+적색,26+4+110,2,3,1,N,00:00,00:00,N,Y,Y,,수원시도시안전통합센터,031-5191-4432,2026-05-28,3740000,경기도 수원시
경기도,수원시,시도,,동탄지성로470번길,3,,경기도 수원시 영통구 망포동 234-38,37.23401549,127.0491011,99,2,N,1338,1,4,5,녹색+황색+적색/녹색화살표+적색/황색+적색,56+4+36+4+40,2,3,1,N,00:00,00:00,N,Y,Y,,수원시도시안전통합센터,031-5191-4432,2026-05-28,3740000,경기도 수원시
경기도,수원시,시도,,반달로,3,,경기도 수원시 영통구 영통동 995-5,37.252761,127.0734457,99,1,N,1336,1,3,3,녹색화살표+황색+적색,36+4+100,2,3,1,Y,00:00,05:00,N,Y,N,,수원시도시안전통합센터,031-5191-4432,2026-05-28,3740000,경기도 수원시
경기도,수원시,시도,,반달로,3,,경기도 수원시 영통구 영통동 995-5,37.252761,127.0734457,99,1,N,1335,1,3,3,녹색화살표+황색+적색,36+4+100,2,3,1,Y,00:00,05:00,N,Y,N,,수원시도시안전통합센터,031-5191-4432,2026-05-28,3740000,경기도 수원시
경기도,수원시,시도,,태창로,3,,경기도 수원시 영통구 망포동 233-2,37.238880,127.0494857,99,2,N,1332,1,4,5,녹색+황색+적색/녹색화살표+적색/황색+적색,68+3+17+3+89,2,3,1,N,00:00,00:00,N,Y,Y,,수원시도시안전통합센터,031-5191-4432,2026-05-28,3740000,경기도 수원시
경기도,수원시,시도,,도청로18번길,3,,경기도 수원시 영통구 이의동 171-1,37.28841799,127.0565067,99,2,N,1331,1,1,1,황색,0,2,3,1,Y,00:00,23:59,N,Y,Y,,수원시도시안전통합센터,031-5191-4432,2026-05-28,3740000,경기도 수원시
경기도,수원시,시도,,태장로,3,,경기도 수원시 영통구 망포동 684-2,37.239099,127.0514895,99,2,N,1365,1,4,5,적색/녹색화살표+적색/황색+녹색+황색+적색,40+5+105+5+25,2,3,1,Y,00:00,05:00,N,Y,N,,수원시도시안전통합센터,031-5191-4432,2026-05-28,3740000,경기도 수원시
경기도,수원시,시도,,광교중앙로,3,,경기도 수원시 영통구 하동 1017-8,37.285992,127.057653,99,1,N,1366,1,3,3,녹색+황색+적색,129+4+47,2,3,1,N,00:00,00:00,N,Y,Y,,수원시도시안전통합센터,031-5191-4432,2026-05-28,3740000,경기도 수원시
경기도,수원시,시도,,월드컵로,3,,경기도 수원시 영통구 원천동 625-2,37.27260451,127.061594,99,2,N,988,1,4,5,녹색+황색+녹색화살표/적색+황색/적색+적색,113+3+36+3+25,2,3,1,N,00:00,00:00,N,Y,N,,수원시도시안전통합센터,031-5191-4432,2026-05-28,3740000,경기도 수원시
경기도,수원시,시도,,태장로71번길,3,,경기도 수원시 영통구 망포동 689,37.24040125,127.054060,99,2,N,687,1,3,3,녹색+황색+적색,24+3+63,2,3,1,Y,00:00,05:00,N,Y,N,,수원시도시안전통합센터,031-5191-4432,2026-05-28,3740000,경기도 수원시
경기도,수원시,시도,,태장로,3,,경기도 수원시 영통구 망포동 684,37.2391704,127.0539021,99,2,N,686,1,4,5,녹색+황색+적색/녹색화살표+적색/황색+적색,96+3+39+3+39,2,3,1,Y,00:00,05:00,N,Y,N,,수원시도시안전통합센터,031-5191-4432,2026-05-28,3740000,경기도 수원시
경기도,수원시,시도,,태장로,3,,경기도 수원시 영통구 망포동 684,37.2391905,127.0539021,99,2,N,685,1,4,99,녹색+녹색+황색+적색/녹색화살표+적색/황색+적색,81+17+3+35+3+41,2,3,1,Y,00:00,05:00,N,Y,N,,수원시도시안전통합센터,031-5191-4432,2026-05-28,3740000,경기도 수원시
경기도,수원시,시도,,태장로7번길,3,,경기도 수원시 영통구 망포동 699,37.23963169,127.047395,99,2,N,684,1,1,1,황색,0,2,3,1,Y,00:00,23:59,N,N,N,,수원시도시안전통합센터,031-5191-4432,2026-05-28,3740000,경기도 수원시
경기도,수원시,시도,,동탄지성로,3,경기도 수원시 영통구 동탄지성로 549-15,경기도 수원시 영통구 망포동 78-11,37.23870503,127.0454589,99,2,N,683,1,4,3,녹색/녹색화살표+황색+적색,38+3+139,2,3,1,N,00:00,00:00,N,Y,Y,,수원시도시안전통합센터,031-5191-4432,2026-05-28,3740000,경기도 수원시
경기도,수원시,시도,,동탄지성로,3,경기도 수원시 영통구 태장로 18,경기도 수원시 영통구 망포동 217-7,37.23686332,127.0476776,99,2,N,682,1,4,5,녹색/녹색화살표+녹색/황색+녹색+황색+적색,17+3+123+3+34,2,3,1,N,00:00,00:00,N,Y,Y,,수원시도시안전통합센터,031-5191-4432,2026-05-28,3740000,경기도 수원시
경기도,수원시,시도,,동탄원천로1109번길,3,경기도 수원시 영통구 동탄원천로1109번길 108,경기도 수원시 영통구 매탄동 1203-9,37.2709869,127.0530441,99,1,N,679,1,3,3,녹색+황색+적색,85+3+32,2,3,1,Y,00:00,05:00,N,Y,N,,수원시도시안전통합센터,031-5191-4432,2026-05-28,3740000,경기도 수원시
경기도,수원시,시도,,매봉로,3,경기도 수원시 영통구 매봉로 45,경기도 수원시 영통구 매탄동 1195-6,37.27200861,127.0529885,99,2,N,678,1,3,3,녹색+황색+적색,56+3+61,2,3,1,Y,00:00,05:00,N,N,N,,수원시도시안전통합센터,031-5191-4432,2026-05-28,3740000,경기도 수원시
경기도,수원시,시도,,수인로151번길,3,,경기도 수원시 영통구 매탄동 907-1,37.27016431,127.0412674,99,2,N,1379,1,1,1,황색,0,2,3,1,Y,00:00,23:59,N,Y,Y,,수원시도시안전통합센터,031-5191-4432,2026-05-28,3740000,경기도 수원시
경기도,수원시,시도,,월드컵로,3,,경기도 수원시 영통구 원천동 38-26,37.27866392,127.045242,99,1,N,1373,1,3,3,녹색+황색+적색,142+3+35,2,3,1,N,00:00,00:00,N,Y,N,,수원시도시안전통합센터,031-5191-4432,2026-05-28,3740000,경기도 수원시
경기도,수원시,시도,,매탄로126번길,3,,경기도 수원시 영통구 매탄동 1258,37.26143029,127.0451613,99,2,N,1371,1,3,3,녹색+황색+적색,28+3+59,2,3,1,Y,00:00,05:00,N,Y,Y,,수원시도시안전통합센터,031-5191-4432,2026-05-28,3740000,경기도 수원시
경기도,수원시,시도,,영통로,3,,경기도 수원시 영통구 망포동 297-7,37.242323,127.0549342,99,2,N,1368,1,3,3,녹색+황색+적색,139+4+37,2,3,1,N,00:00,00:00,N,Y,N,,수원시도시안전통합센터,031-5191-4432,2026-05-28,3740000,경기도 수원시
