시도명,시군구명,도로명,소재지도로명주소,소재지지번주소,횡단보도관리번호,횡단보도종류,자전거횡단도겸용여부,고원식적용여부,위도,경도,차로수,횡단보도폭,횡단보도연장,보행자신호등유무,보행자작동신호기유무,음향신호기설치여부,녹색신호시간,적색신호시간,교통섬유무,보도턱낮춤여부,점자블록유무,집중조명시설유무,관리기관명,관리기관전화번호,데이터기준일자,제공기관코드,제공기관명
경기도,수원시,중부대로,,경기도 수원시 영통구 원천동 278-1,수원-0307,01, ,N,37.26871276,127.0671052,10,6.5,32.9,N, , ,,,N, ,Y, ,경기도 수원시청,031-5191-3294,2026-05-13,3740000,경기도 수원시
경기도,수원시,중부대로,,경기도 수원시 영통구 원천동 447,수원-0306,04, ,N,37.26923133,127.0638484,11,6.4,32.5,Y, , ,,,Y, ,Y, ,경기도 수원시청,031-5191-3294,2026-05-13,3740000,경기도 수원시
경기도,수원시,중부대로,경기도 수원시 영통구 중부대로 412,경기도 수원시 영통구 원천동 194-3,수원-0305,01, ,N,37.27020164,127.0602325,9,8.8,38.6,Y, , ,,,N, ,Y, ,경기도 수원시청,031-5191-3294,2026-05-13,3740000,경기도 수원시
경기도,수원시,중부대로,,경기도 수원시 영통구 원천동 165-2,수원-0304,01, ,N,37.2706179,127.0600544,9,7.4,28.6,Y, , ,,,N, ,Y, ,경기도 수원시청,031-5191-3294,2026-05-13,3740000,경기도 수원시
경기도,수원시,중부대로,,경기도 수원시 영통구 원천동 147-6,수원-0303,01, ,N,37.27138704,127.058003,10,10.2,33.7,Y, , ,,,N, ,Y, ,경기도 수원시청,031-5191-3294,2026-05-13,3740000,경기도 수원시
경기도,수원시,중부대로,,경기도 수원시 영통구 원천동 122-5,수원-0302,99, ,N,37.27204288,127.0563389,9,5.4,36.5,N, , ,,,N, ,N, ,경기도 수원시청,031-5191-3294,2026-05-13,3740000,경기도 수원시
경기도,수원시,중부대로,경기도 수원시 영통구 중부대로 349,경기도 수원시 영통구 원천동 609,수원-0301,01, ,N,37.27316271,127.0542033,10,9.9,31.6,Y, , ,,,N, ,Y, ,경기도 수원시청,031-5191-3294,2026-05-13,3740000,경기도 수원시
경기도,수원시,중부대로,경기도 수원시 영통구 중부대로 339,경기도 수원시 영통구 원천동 610,수원-0300,01, ,N,37.27349637,127.0532651,9,6.8,29.8,Y, , ,,,N, ,Y, ,경기도 수원시청,031-5191-3294,2026-05-13,3740000,경기도 수원시
경기도,수원시,중부대로,경기도 수원시 영통구 중부대로 319,경기도 수원시 영통구 원천동 90-10,수원-0299,01, ,N,37.2736813,127.0506916,9,8.8,29.3,Y, , ,,,N, ,Y, ,경기도 수원시청,031-5191-3294,2026-05-13,3740000,경기도 수원시
경기도,수원시,중부대로,,경기도 수원시 영통구 원천동 90-43,수원-0298,01, ,N,37.27381531,127.0506102,1,2.3,5.2,N, , ,,,N, ,Y, ,경기도 수원시청,031-5191-3294,2026-05-13,3740000,경기도 수원시
경기도,수원시,중부대로,,경기도 수원시 영통구 원천동 90-42,수원-0297,01, ,N,37.27382622,127.0502503,1,2.9,6.5,N, , ,,,N, ,Y, ,경기도 수원시청,031-5191-3294,2026-05-13,3740000,경기도 수원시
경기도,수원시,중부대로,,경기도 수원시 영통구 원천동 90-41,수원-0296,01, ,N,37.273829,127.0497516,1,2.7,7.1,N, , ,,,N, ,N, ,경기도 수원시청,031-5191-3294,2026-05-13,3740000,경기도 수원시
경기도,수원시,중부대로,경기도 수원시 영통구 중부대로 302,경기도 수원시 영통구 매탄동 102-16,수원-0295,04, ,N,37.27307914,127.048801,10,7.4,28.7,Y, , ,,,N, ,Y, ,경기도 수원시청,031-5191-3294,2026-05-13,3740000,경기도 수원시
경기도,수원시,중부대로,,경기도 수원시 영통구 원천동 86-9,수원-0294,01, ,N,37.27371327,127.0478349,1,3.1,5.9,N, , ,,,N, ,Y, ,경기도 수원시청,031-5191-3294,2026-05-13,3740000,경기도 수원시
경기도,수원시,중부대로,,경기도 수원시 영통구 원천동 78-4,수원-0293,04, ,N,37.27390261,127.0475467,10,9.4,29.3,Y, , ,,,Y, ,Y, ,경기도 수원시청,031-5191-3294,2026-05-13,3740000,경기도 수원시
경기도,수원시,중부대로,경기도 수원시 영통구 중부대로 281,경기도 수원시 영통구 원천동 74-1,수원-0292,01, ,N,37.27412586,127.0467306,1,2.9,6.7,N, , ,,,N, ,Y, ,경기도 수원시청,031-5191-3294,2026-05-13,3740000,경기도 수원시
경기도,수원시,중부대로,경기도 수원시 영통구 중부대로 277,경기도 수원시 영통구 원천동 73-1,수원-0291,01, ,N,37.27429512,127.0462608,1,3.6,13,N, , ,,,N, ,Y, ,경기도 수원시청,031-5191-3294,2026-05-13,3740000,경기도 수원시
경기도,수원시,중부대로,경기도 수원시 영통구 중부대로271번길 5,경기도 수원시 영통구 원천동 79-4,수원-0290,04, ,N,37.27457166,127.0454534,10,7.2,27.8,Y, , ,,,Y, ,Y, ,경기도 수원시청,031-5191-3294,2026-05-13,3740000,경기도 수원시
경기도,수원시,중부대로,,경기도 수원시 영통구 매탄동 153-18,수원-0289,01, ,N,37.27435762,127.0440243,8,8,30.3,Y, , ,,,N, ,Y, ,경기도 수원시청,031-5191-3294,2026-05-13,3740000,경기도 수원시
경기도,수원시,중부대로,경기도 수원시 영통구 중부대로 248,경기도 수원시 영통구 매탄동 153-35,수원-0288,01, ,N,37.27474164,127.0427791,9,8.2,29,Y, , ,,,N, ,Y, ,경기도 수원시청,031-5191-3294,2026-05-13,3740000,경기도 수원시
경기도,수원시,창룡대로,경기도 수원시 영통구 창룡대로 263,경기도 수원시 영통구 이의동 1088-23,수원-0068,01, ,N,37.29599326,127.0351369,2,4.1,9.5,N, , ,,,N, ,N, ,경기도 수원시청,031-5191-3294,2026-05-13,3740000,경기도 수원시
경기도,수원시,창룡대로,경기도 수원시 영통구 창룡대로 255,경기도 수원시 영통구 이의동 1088-13,수원-0067,03, ,N,37.29557358,127.0360301,4,5.9,7.3,N, , ,,,N, ,Y, ,경기도 수원시청,031-5191-3294,2026-05-13,3740000,경기도 수원시
경기도,수원시,창룡대로,,경기도 수원시 영통구 이의동 1281,수원-0066,01, ,N,37.2977359,127.0400557,12,9.7,37.6,Y, , ,,,N, ,Y, ,경기도 수원시청,031-5191-3294,2026-05-13,3740000,경기도 수원시
경기도,수원시,창룡대로,,경기도 수원시 영통구 이의동 1379-7,수원-0065,03, ,N,37.29525573,127.0492033,15,7,45.7,Y, , ,,,Y, ,Y, ,경기도 수원시청,031-5191-3294,2026-05-13,3740000,경기도 수원시
경기도,수원시,창룡대로,,경기도 수원시 영통구 이의동 1379-7,수원-0064,04, ,N,37.29525573,127.0492033,15,9.1,46.7,Y, , ,,,Y, ,Y, ,경기도 수원시청,031-5191-3294,2026-05-13,3740000,경기도 수원시
경기도,수원시,창룡대로,경기도 수원시 영통구 창룡대로 236-31,경기도 수원시 영통구 이의동 907-1,수원-0074,01, ,N,37.29350278,127.0378033,1,1.7,18.7,N, , ,,,N, ,Y, ,경기도 수원시청,031-5191-3294,2026-05-13,3740000,경기도 수원시
경기도,수원시,창룡대로,,경기도 수원시 영통구 이의동 1175-178,수원-0073,01, ,N,37.29376517,127.0354186,2,3.3,22.1,N, , ,,,N, ,Y, ,경기도 수원시청,031-5191-3294,2026-05-13,3740000,경기도 수원시
경기도,수원시,창룡대로,경기도 수원시 영통구 창룡대로 255,경기도 수원시 영통구 이의동 1088-13,수원-0072,01, ,Y,37.29557358,127.0360301,2,3.3,19.9,N, , ,,,N, ,Y, ,경기도 수원시청,031-5191-3294,2026-05-13,3740000,경기도 수원시
경기도,수원시,창룡대로,경기도 수원시 영통구 창룡대로 263,경기도 수원시 영통구 이의동 1088-23,수원-0071,01, ,N,37.29599326,127.0351369,2,6.2,10,N, , ,,,N, ,Y, ,경기도 수원시청,031-5191-3294,2026-05-13,3740000,경기도 수원시
경기도,수원시,창룡대로,경기도 수원시 영통구 창룡대로 263,경기도 수원시 영통구 이의동 1088-23,수원-0070,01, ,N,37.29599326,127.0351369,5,6,23.1,N, , ,,,N, ,Y, ,경기도 수원시청,031-5191-3294,2026-05-13,3740000,경기도 수원시
경기도,수원시,창룡대로,경기도 수원시 영통구 창룡대로 263,경기도 수원시 영통구 이의동 1088-23,수원-0069,01, ,N,37.29599326,127.0351369,2,5.9,8.4,N, , ,,,N, ,Y, ,경기도 수원시청,031-5191-3294,2026-05-13,3740000,경기도 수원시
경기도,수원시,덕영대로,,경기도 수원시 영통구 망포동 29-25,수원-0153,01, ,N,37.24465642,127.0440533,11,8.2,40.5,Y, , ,,,N, ,Y, ,경기도 수원시청,031-5191-3294,2026-05-13,3740000,경기도 수원시
경기도,수원시,덕영대로,,경기도 수원시 영통구 망포동 56-66,수원-0152,01, ,N,37.24471059,127.043749,11,8.2,40.5,Y, , ,,,N, ,Y, ,경기도 수원시청,031-5191-3294,2026-05-13,3740000,경기도 수원시
경기도,수원시,덕영대로,경기도 수원시 영통구 봉영로1492번길 5,경기도 수원시 영통구 영통동 983-10,수원-0165,04, ,N,37.24604076,127.0666307,6,10.3,35.8,Y, , ,,,Y, ,Y, ,경기도 수원시청,031-5191-3294,2026-05-13,3740000,경기도 수원시
경기도,수원시,덕영대로,경기도 수원시 영통구 봉영로1517번길 27,경기도 수원시 영통구 영통동 970-3,수원-0164,04, ,N,37.24814296,127.0671599,8,10.2,44.5,Y, , ,,,Y, ,Y, ,경기도 수원시청,031-5191-3294,2026-05-13,3740000,경기도 수원시
경기도,수원시,덕영대로,경기도 수원시 영통구 덕영대로 1570,경기도 수원시 영통구 영통동 981-4,수원-0163,99, ,N,37.24539693,127.0627669,10,4.8,46.1,N, , ,,,Y, ,N, ,경기도 수원시청,031-5191-3294,2026-05-13,3740000,경기도 수원시
경기도,수원시,덕영대로,,경기도 수원시 영통구 영통동 981-1,수원-0162,01, ,N,37.24572066,127.0617865,13,8,46.1,Y, , ,,,N, ,Y, ,경기도 수원시청,031-5191-3294,2026-05-13,3740000,경기도 수원시
경기도,수원시,덕영대로,,경기도 수원시 영통구 영통동 980-7,수원-0161,01, ,N,37.24563884,127.0602835,12,10,40.1,Y, , ,,,N, ,Y, ,경기도 수원시청,031-5191-3294,2026-05-13,3740000,경기도 수원시
경기도,수원시,덕영대로,경기도 수원시 영통구 영통로200번길 1,경기도 수원시 영통구 영통동 980-5,수원-0160,04, ,N,37.24474817,127.0583396,13,7.8,36.9,Y, , ,,,Y, ,Y, ,경기도 수원시청,031-5191-3294,2026-05-13,3740000,경기도 수원시
경기도,수원시,덕영대로,경기도 수원시 영통구 덕영대로 1515,경기도 수원시 영통구 영통동 979-7,수원-0159,04, ,N,37.24617508,127.0566513,12,8.4,39.3,Y, , ,,,Y, ,Y, ,경기도 수원시청,031-5191-3294,2026-05-13,3740000,경기도 수원시
경기도,수원시,덕영대로,,경기도 수원시 영통구 망포동 28-29,수원-0158,01, ,N,37.24541381,127.0532386,11,8.4,33.3,Y, , ,,,N, ,Y, ,경기도 수원시청,031-5191-3294,2026-05-13,3740000,경기도 수원시
경기도,수원시,덕영대로,,경기도 수원시 영통구 망포동 41-61,수원-0157,01, ,N,37.245029,127.0508383,11,10.2,40.5,Y, , ,,,N, ,Y, ,경기도 수원시청,031-5191-3294,2026-05-13,3740000,경기도 수원시
경기도,수원시,덕영대로,,경기도 수원시 영통구 망포동 39-32,수원-0156,04, ,N,37.24510487,127.0496437,13,10.8,38.7,Y, , ,,,Y, ,Y, ,경기도 수원시청,031-5191-3294,2026-05-13,3740000,경기도 수원시
경기도,수원시,덕영대로,,경기도 수원시 영통구 망포동 39-29,수원-0155,04, ,N,37.24498854,127.0475586,13,9.7,36.8,Y, , ,,,Y, ,Y, ,경기도 수원시청,031-5191-3294,2026-05-13,3740000,경기도 수원시
경기도,수원시,덕영대로,,경기도 수원시 영통구 망포동 39-46,수원-0154,04, ,N,37.24493474,127.0469237,12,7.6,45.8,Y, , ,,,Y, ,Y, ,경기도 수원시청,031-5191-3294,2026-05-13,3740000,경기도 수원시
경기도,수원시,효원로,,경기도 수원시 영통구 매탄동 1318,수원-0856,02, ,N,37.2595236,127.0490344,7,7.8,21.4,Y, , ,,,Y, ,Y, ,경기도 수원시청,031-5191-3294,2026-05-13,3740000,경기도 수원시
경기도,수원시,효원로,경기도 수원시 영통구 효원로 407,경기도 수원시 영통구 매탄동 1268,수원-0855,02, ,N,37.25959894,127.0465469,8,7.3,23.9,Y, , ,,,Y, ,Y, ,경기도 수원시청,031-5191-3294,2026-05-13,3740000,경기도 수원시
경기도,수원시,효원로,경기도 수원시 영통구 효원로 397,경기도 수원시 영통구 매탄동 1267-7,수원-0854,01, ,N,37.25905754,127.0451632,8,7.8,26.8,Y, , ,,,N, ,Y, ,경기도 수원시청,031-5191-3294,2026-05-13,3740000,경기도 수원시
경기도,수원시,효원로,경기도 수원시 영통구 효원로 381,경기도 수원시 영통구 매탄동 1267-1,수원-0853,01, ,N,37.25932976,127.0433105,9,7.1,33.5,Y, , ,,,N, ,Y, ,경기도 수원시청,031-5191-3294,2026-05-13,3740000,경기도 수원시
경기도,수원시,효원로,경기도 수원시 영통구 효원로 374,경기도 수원시 영통구 매탄동 1270-1,수원-0852,01, ,N,37.25881232,127.0423453,8,8.2,33,Y, , ,,,N, ,Y, ,경기도 수원시청,031-5191-3294,2026-05-13,3740000,경기도 수원시
경기도,수원시,효원로,경기도 수원시 영통구 효원로 364,경기도 수원시 영통구 매탄동 1156-4,수원-0851,01, ,N,37.25913206,127.0411142,8,9.6,27.9,Y, , ,,,N, ,Y, ,경기도 수원시청,031-5191-3294,2026-05-13,3740000,경기도 수원시
경기도,수원시,효원로,경기도 수원시 영통구 효원로 337,경기도 수원시 영통구 매탄동 1353,수원-0850,04, ,N,37.26073838,127.0392662,8,5.9,23.2,Y, , ,,,Y, ,Y, ,경기도 수원시청,031-5191-3294,2026-05-13,3740000,경기도 수원시
경기도,수원시,월드컵로,,경기도 수원시 영통구 원천동 61-5,수원-0728,01, ,N,37.2779303,127.0474816,6,6.1,17.2,Y, , ,,,N, ,Y, ,경기도 수원시청,031-5191-3294,2026-05-13,3740000,경기도 수원시
경기도,수원시,월드컵로,경기도 수원시 영통구 월드컵로 185,경기도 수원시 영통구 원천동 38-26,수원-0727,01, ,N,37.27867243,127.0452825,6,9.6,18.4,Y, , ,,,N, ,Y, ,경기도 수원시청,031-5191-3294,2026-05-13,3740000,경기도 수원시
경기도,수원시,월드컵로,경기도 수원시 영통구 월드컵로 185,경기도 수원시 영통구 원천동 38-26,수원-0726,01, ,N,37.27867243,127.0452825,1,3,7.7,N, , ,,,N, ,Y, ,경기도 수원시청,031-5191-3294,2026-05-13,3740000,경기도 수원시
경기도,수원시,월드컵로,경기도 수원시 영통구 월드컵로 199,경기도 수원시 영통구 원천동 13-4,수원-0725,04, ,N,37.27921793,127.0441733,7,6,17.5,Y, , ,,,Y, ,Y, ,경기도 수원시청,031-5191-3294,2026-05-13,3740000,경기도 수원시
경기도,수원시,월드컵로,,경기도 수원시 영통구 원천동 산11-9,수원-0724,04, ,N,37.27976074,127.0435198,7,7.8,18.5,Y, , ,,,Y, ,Y, ,경기도 수원시청,031-5191-3294,2026-05-13,3740000,경기도 수원시
경기도,수원시,월드컵로,,경기도 수원시 영통구 원천동 596,수원-0740,01, ,N,37.27270031,127.0639887,5,9.7,19.3,Y, , ,,,N, ,Y, ,경기도 수원시청,031-5191-3294,2026-05-13,3740000,경기도 수원시
경기도,수원시,월드컵로,,경기도 수원시 영통구 원천동 594,수원-0739,01, ,N,37.27313016,127.0623932,4,5,16.2,Y, , ,,,N, ,Y, ,경기도 수원시청,031-5191-3294,2026-05-13,3740000,경기도 수원시
경기도,수원시,월드컵로,,경기도 수원시 영통구 원천동 594,수원-0738,01, ,N,37.27313016,127.0623932,5,5,16.2,Y, , ,,,N, ,N, ,경기도 수원시청,031-5191-3294,2026-05-13,3740000,경기도 수원시
경기도,수원시,월드컵로,,경기도 수원시 영통구 원천동 605,수원-0737,01, ,N,37.27164157,127.0605191,7,9.8,25.1,Y, , ,,,N, ,Y, ,경기도 수원시청,031-5191-3294,2026-05-13,3740000,경기도 수원시
경기도,수원시,월드컵로,,경기도 수원시 영통구 원천동 606-1,수원-0736,01, ,N,37.27243039,127.0586126,7,10.2,25.9,Y, , ,,,N, ,Y, ,경기도 수원시청,031-5191-3294,2026-05-13,3740000,경기도 수원시
경기도,수원시,월드컵로,,경기도 수원시 영통구 원천동 621-1,수원-0735,01, ,N,37.27370984,127.0574804,6,5.8,19.8,Y, , ,,,N, ,Y, ,경기도 수원시청,031-5191-3294,2026-05-13,3740000,경기도 수원시
경기도,수원시,월드컵로,,경기도 수원시 영통구 원천동 591-6,수원-0734,01, ,N,37.27403267,127.0561108,6,7,19.8,Y, , ,,,N, ,Y, ,경기도 수원시청,031-5191-3294,2026-05-13,3740000,경기도 수원시
경기도,수원시,월드컵로,경기도 수원시 영통구 월드컵로 89,경기도 수원시 영통구 원천동 608,수원-0733,01, ,N,37.27411808,127.0541751,6,10,21.4,Y, , ,,,N, ,Y, ,경기도 수원시청,031-5191-3294,2026-05-13,3740000,경기도 수원시
경기도,수원시,월드컵로,,경기도 수원시 영통구 원천동 산58-26,수원-0732,04, ,N,37.27550783,127.0530874,7,7.7,20.7,Y, , ,,,Y, ,Y, ,경기도 수원시청,031-5191-3294,2026-05-13,3740000,경기도 수원시
경기도,수원시,월드컵로,경기도 수원시 영통구 월드컵로 128,경기도 수원시 영통구 원천동 579-4,수원-0731,04, ,N,37.27597185,127.050972,7,9.3,21.5,Y, , ,,,Y, ,Y, ,경기도 수원시청,031-5191-3294,2026-05-13,3740000,경기도 수원시
경기도,수원시,월드컵로,경기도 수원시 영통구 월드컵로150번길 4,경기도 수원시 영통구 원천동 576-3,수원-0730,01, ,N,37.2773538,127.0493395,6,4.1,24.9,Y, , ,,,N, ,Y, ,경기도 수원시청,031-5191-3294,2026-05-13,3740000,경기도 수원시
경기도,수원시,월드컵로,경기도 수원시 영통구 월드컵로 151,경기도 수원시 영통구 원천동 66-5,수원-0729,01, ,N,37.27720637,127.048517,7,7.8,21.7,Y, , ,,,N, ,Y, ,경기도 수원시청,031-5191-3294,2026-05-13,3740000,경기도 수원시
경기도,수원시,동수원로,경기도 수원시 영통구 동수원로286번길 1,경기도 수원시 영통구 매탄동 1181-6,수원-1202,01, ,N,37.25512945,127.0363797,7,8.1,24.6,Y, , ,,,N, ,Y, ,경기도 수원시청,031-5191-3294,2026-05-13,3740000,경기도 수원시
경기도,수원시,동수원로,경기도 수원시 영통구 권선로 786,경기도 수원시 영통구 매탄동 1180,수원-1201,01, ,N,37.2562221,127.0368805,7,6.4,25.4,Y, , ,,,N, ,Y, ,경기도 수원시청,031-5191-3294,2026-05-13,3740000,경기도 수원시
경기도,수원시,동수원로,,경기도 수원시 영통구 매탄동 1162,수원-1200,01, ,N,37.2559916,127.0390589,7,5.9,26.9,Y, , ,,,N, ,Y, ,경기도 수원시청,031-5191-3294,2026-05-13,3740000,경기도 수원시
경기도,수원시,동수원로,,경기도 수원시 영통구 매탄동 1162,수원-1199,01, ,N,37.2559916,127.0390589,7,8.4,23.5,Y, , ,,,N, ,Y, ,경기도 수원시청,031-5191-3294,2026-05-13,3740000,경기도 수원시
경기도,수원시,동수원로,경기도 수원시 영통구 동수원로 336,경기도 수원시 영통구 매탄동 1154,수원-1198,01, ,N,37.25941827,127.0390512,7,5.9,24,Y, , ,,,N, ,Y, ,경기도 수원시청,031-5191-3294,2026-05-13,3740000,경기도 수원시
경기도,수원시,동수원로,경기도 수원시 영통구 효원로 337,경기도 수원시 영통구 매탄동 1353,수원-1197,01, ,N,37.26073838,127.0392662,9,6.4,33.8,Y, , ,,,N, ,Y, ,경기도 수원시청,031-5191-3294,2026-05-13,3740000,경기도 수원시
경기도,수원시,동수원로,경기도 수원시 영통구 효원로 363,경기도 수원시 영통구 매탄동 1352,수원-1196,99, ,N,37.26153322,127.0395242,7,4.7,36.1,N, , ,,,N, ,N, ,경기도 수원시청,031-5191-3294,2026-05-13,3740000,경기도 수원시
경기도,수원시,동수원로,경기도 수원시 영통구 인계로 219,경기도 수원시 영통구 매탄동 810-3,수원-1194,04, ,N,37.26558864,127.0413586,7,8.1,25.6,Y, , ,,,Y, ,Y, ,경기도 수원시청,031-5191-3294,2026-05-13,3740000,경기도 수원시
경기도,수원시,동수원로,경기도 수원시 영통구 동수원로 432,경기도 수원시 영통구 매탄동 810-2,수원-1193,01, ,N,37.26731163,127.0425746,6,11.8,23,Y, , ,,,N, ,Y, ,경기도 수원시청,031-5191-3294,2026-05-13,3740000,경기도 수원시
경기도,수원시,동수원로,경기도 수원시 영통구 동수원로 448,경기도 수원시 영통구 매탄동 810-1,수원-1192,01, ,N,37.26881949,127.042781,6,7.7,23.1,Y, , ,,,N, ,Y, ,경기도 수원시청,031-5191-3294,2026-05-13,3740000,경기도 수원시
경기도,수원시,동수원로,경기도 수원시 영통구 매영로 10,경기도 수원시 영통구 매탄동 810,수원-1191,01, ,N,37.2701205,127.0434332,6,11.8,23.8,Y, , ,,,N, ,Y, ,경기도 수원시청,031-5191-3294,2026-05-13,3740000,경기도 수원시
경기도,수원시,동수원로,경기도 수원시 영통구 동수원로 491,경기도 수원시 영통구 매탄동 140-32,수원-1190,01, ,N,37.27222436,127.0445027,8,5.8,25.8,Y, , ,,,N, ,Y, ,경기도 수원시청,031-5191-3294,2026-05-13,3740000,경기도 수원시
경기도,수원시,동수원로,경기도 수원시 영통구 동수원로 513,경기도 수원시 영통구 매탄동 101-9,수원-1189,01, ,N,37.27315169,127.046556,4,9.8,27.2,Y, , ,,,N, ,Y, ,경기도 수원시청,031-5191-3294,2026-05-13,3740000,경기도 수원시
경기도,수원시,동수원로,경기도 수원시 영통구 중부대로 288,경기도 수원시 영통구 매탄동 127-27,수원-1188,04, ,N,37.273478,127.0470278,8,8.2,37.7,Y, , ,,,Y, ,Y, ,경기도 수원시청,031-5191-3294,2026-05-13,3740000,경기도 수원시
경기도,수원시,동수원로,경기도 수원시 영통구 동수원로 531,경기도 수원시 영통구 원천동 85-22,수원-1187,04, ,N,37.27385295,127.0484355,7,5.8,20.3,Y, , ,,,Y, ,Y, ,경기도 수원시청,031-5191-3294,2026-05-13,3740000,경기도 수원시
경기도,수원시,동수원로,경기도 수원시 영통구 동수원로 540,경기도 수원시 영통구 원천동 84-22,수원-1186,01, ,N,37.27399157,127.0495512,1,3.1,12.4,N, , ,,,N, ,Y, ,경기도 수원시청,031-5191-3294,2026-05-13,3740000,경기도 수원시
경기도,수원시,동수원로,경기도 수원시 영통구 동수원로 553,경기도 수원시 영통구 원천동 84-3,수원-1185,01, ,N,37.2750589,127.0503007,7,7.9,22.8,Y, , ,,,N, ,Y, ,경기도 수원시청,031-5191-3294,2026-05-13,3740000,경기도 수원시
경기도,수원시,동수원로,경기도 수원시 영통구 월드컵로97번길 67,경기도 수원시 영통구 원천동 618,수원-1184,01,Y,N,37.27491772,127.0511024,7,9.7,26.2,Y, , ,,,N, ,Y, ,경기도 수원시청,031-5191-3294,2026-05-13,3740000,경기도 수원시
경기도,수원시,동수원로,경기도 수원시 영통구 월드컵로 128,경기도 수원시 영통구 원천동 579-4,수원-1183,03, ,N,37.27597185,127.050972,11,10,32.6,Y, , ,,,Y, ,Y, ,경기도 수원시청,031-5191-3294,2026-05-13,3740000,경기도 수원시
경기도,수원시,웰빙타운로,,경기도 수원시 영통구 이의동 1373-12,수원-0950,01, ,N,37.30567121,127.0516686,5,7.8,19.5,Y, , ,,,N, ,Y, ,경기도 수원시청,031-5191-3294,2026-05-13,3740000,경기도 수원시
경기도,수원시,인계로,,경기도 수원시 영통구 매탄동 1228-9,수원-1248,01, ,N,37.26427327,127.0505009,4,4,14.4,Y, , ,,,N, ,Y, ,경기도 수원시청,031-5191-3294,2026-05-13,3740000,경기도 수원시
경기도,수원시,인계로,,경기도 수원시 영통구 매탄동 1217-10,수원-1247,01, ,N,37.263522,127.0499143,4,3.9,16.6,Y, , ,,,N, ,Y, ,경기도 수원시청,031-5191-3294,2026-05-13,3740000,경기도 수원시
경기도,수원시,인계로,경기도 수원시 영통구 인계로 283-2,경기도 수원시 영통구 매탄동 866-31,수원-1246,01, ,N,37.26352341,127.0485535,4,6.5,13.3,Y, , ,,,N, ,Y, ,경기도 수원시청,031-5191-3294,2026-05-13,3740000,경기도 수원시
경기도,수원시,인계로,경기도 수원시 영통구 인계로 272,경기도 수원시 영통구 매탄동 871,수원-1245,01, ,N,37.26360359,127.0470531,4,7.9,13.7,Y, , ,,,N, ,Y, ,경기도 수원시청,031-5191-3294,2026-05-13,3740000,경기도 수원시
경기도,수원시,인계로,경기도 수원시 영통구 인계로 259-2,경기도 수원시 영통구 매탄동 840-12,수원-1244,01, ,N,37.26413592,127.0460785,1,3.1,5.2,N, , ,,,N, ,Y, ,경기도 수원시청,031-5191-3294,2026-05-13,3740000,경기도 수원시
경기도,수원시,인계로,경기도 수원시 영통구 매탄로 158,경기도 수원시 영통구 매탄동 832-22,수원-1243,01, ,N,37.26437596,127.0452101,4,8,15.3,Y, , ,,,N, ,Y, ,경기도 수원시청,031-5191-3294,2026-05-13,3740000,경기도 수원시
경기도,수원시,인계로,,경기도 수원시 영통구 매탄동 883,수원-1242,01, ,N,37.26429582,127.0441067,4,6.4,15.3,Y, , ,,,N, ,Y, ,경기도 수원시청,031-5191-3294,2026-05-13,3740000,경기도 수원시
경기도,수원시,인계로,,경기도 수원시 영통구 매탄동 883,수원-1241,01, ,N,37.26429582,127.0441067,4,7.3,12.9,Y, , ,,,N, ,Y, ,경기도 수원시청,031-5191-3294,2026-05-13,3740000,경기도 수원시
경기도,수원시,인계로,,경기도 수원시 영통구 매탄동 883,수원-1240,01, ,N,37.26429582,127.0441067,4,5.9,12.7,Y, , ,,,N, ,Y, ,경기도 수원시청,031-5191-3294,2026-05-13,3740000,경기도 수원시
경기도,수원시,인계로,경기도 수원시 영통구 인계로 219,경기도 수원시 영통구 매탄동 810-3,수원-1239,01, ,N,37.26558864,127.0413586,6,6.4,17,Y, , ,,,N, ,Y, ,경기도 수원시청,031-5191-3294,2026-05-13,3740000,경기도 수원시
경기도,수원시,인계로,경기도 수원시 영통구 인계로 212,경기도 수원시 영통구 매탄동 923-9,수원-1238,01, ,N,37.26507041,127.0406383,4,7.4,21.8,Y, , ,,,N, ,Y, ,경기도 수원시청,031-5191-3294,2026-05-13,3740000,경기도 수원시
경기도,수원시,웰빙타운로,,경기도 수원시 영통구 이의동 1373-14,수원-0949,01, ,N,37.30533857,127.0491395,5,7.3,15.8,Y, , ,,,N, ,Y, ,경기도 수원시청,031-5191-3294,2026-05-13,3740000,경기도 수원시
경기도,수원시,웰빙타운로,,경기도 수원시 영통구 이의동 1373-14,수원-0948,01, ,N,37.30533857,127.0491395,5,5.9,15.7,Y, , ,,,N, ,Y, ,경기도 수원시청,031-5191-3294,2026-05-13,3740000,경기도 수원시
경기도,수원시,웰빙타운로,,경기도 수원시 영통구 이의동 1373-4,수원-0947,02, ,N,37.3053398,127.0466338,5,5.5,16.4,Y, , ,,,N, ,Y, ,경기도 수원시청,031-5191-3294,2026-05-13,3740000,경기도 수원시
경기도,수원시,웰빙타운로,,경기도 수원시 영통구 이의동 1373-4,수원-0946,02, ,N,37.3053398,127.0466338,5,8.3,17.5,Y, , ,,,N, ,Y, ,경기도 수원시청,031-5191-3294,2026-05-13,3740000,경기도 수원시
경기도,수원시,웰빙타운로,,경기도 수원시 영통구 이의동 1373,수원-0945,02, ,N,37.30687302,127.0405952,5,6.1,17.7,Y, , ,,,N, ,Y, ,경기도 수원시청,031-5191-3294,2026-05-13,3740000,경기도 수원시
경기도,수원시,웰빙타운로,,경기도 수원시 영통구 이의동 1373,수원-0944,02, ,N,37.30687302,127.0405952,5,5.9,15.9,Y, , ,,,N, ,Y, ,경기도 수원시청,031-5191-3294,2026-05-13,3740000,경기도 수원시
경기도,수원시,웰빙타운로,,경기도 수원시 영통구 이의동 1373,수원-0943,01, ,N,37.30687302,127.0405952,5,8.2,16,Y, , ,,,N, ,Y, ,경기도 수원시청,031-5191-3294,2026-05-13,3740000,경기도 수원시
경기도,수원시,웰빙타운로,,경기도 수원시 영통구 이의동 1373,수원-0942,01, ,N,37.30687302,127.0405952,5,6.1,15.8,Y, , ,,,N, ,Y, ,경기도 수원시청,031-5191-3294,2026-05-13,3740000,경기도 수원시
경기도,수원시,웰빙타운로,,경기도 수원시 영통구 이의동 1373,수원-0941,01, ,N,37.30687302,127.0405952,3,3.9,12.5,N, , ,,,N, ,Y, ,경기도 수원시청,031-5191-3294,2026-05-13,3740000,경기도 수원시
경기도,수원시,웰빙타운로,,경기도 수원시 영통구 이의동 1373,수원-0940,01, ,N,37.30687302,127.0405952,3,3.8,12,N, , ,,,N, ,Y, ,경기도 수원시청,031-5191-3294,2026-05-13,3740000,경기도 수원시
경기도,수원시,권광로,,경기도 수원시 영통구 매탄동 950,수원-0975,01, ,N,37.26733547,127.0340318,7,8.3,23.9,Y, , ,,,N, ,Y, ,경기도 수원시청,031-5191-3294,2026-05-13,3740000,경기도 수원시
경기도,수원시,광교로,,경기도 수원시 영통구 이의동 1381,수원-0958,01, ,N,37.29087879,127.0451287,11,10,36.9,Y, , ,,,N, ,Y, ,경기도 수원시청,031-5191-3294,2026-05-13,3740000,경기도 수원시
경기도,수원시,광교로,,경기도 수원시 영통구 이의동 1381,수원-0957,01, ,N,37.29087879,127.0451287,12,10.1,39.5,Y, , ,,,N, ,Y, ,경기도 수원시청,031-5191-3294,2026-05-13,3740000,경기도 수원시
경기도,수원시,광교로,,경기도 수원시 영통구 이의동 1379-7,수원-0956,04, ,N,37.29525573,127.0492033,11,10.2,25.9,Y, , ,,,Y, ,Y, ,경기도 수원시청,031-5191-3294,2026-05-13,3740000,경기도 수원시
경기도,수원시,광교로,,경기도 수원시 영통구 이의동 1377,수원-0955,01, ,N,37.29637078,127.049337,7,8,25.6,Y, , ,,,N, ,Y, ,경기도 수원시청,031-5191-3294,2026-05-13,3740000,경기도 수원시
경기도,수원시,광교로,,경기도 수원시 영통구 이의동 1377,수원-0954,04, ,N,37.29637078,127.049337,10,7.7,25.9,Y, , ,,,Y, ,Y, ,경기도 수원시청,031-5191-3294,2026-05-13,3740000,경기도 수원시
경기도,수원시,광교로,,경기도 수원시 영통구 이의동 438-2,수원-0953,04, ,N,37.29712223,127.050306,5,8,21.9,Y, , ,,,Y, ,Y, ,경기도 수원시청,031-5191-3294,2026-05-13,3740000,경기도 수원시
경기도,수원시,광교로,,경기도 수원시 영통구 이의동 1373-21,수원-0952,01, ,N,37.30348175,127.0514608,7,7.8,23.6,Y, , ,,,N, ,Y, ,경기도 수원시청,031-5191-3294,2026-05-13,3740000,경기도 수원시
경기도,수원시,광교로,,경기도 수원시 영통구 이의동 1373-12,수원-0951,01, ,N,37.30567121,127.0516686,7,7.7,23.4,Y, , ,,,N, ,Y, ,경기도 수원시청,031-5191-3294,2026-05-13,3740000,경기도 수원시
경기도,수원시,대학로,경기도 수원시 영통구 대학2로 2,경기도 수원시 영통구 이의동 1275,수원-1002,02, ,N,37.29886449,127.0432002,6,8,18.8,Y, , ,,,N, ,Y, ,경기도 수원시청,031-5191-3294,2026-05-13,3740000,경기도 수원시
경기도,수원시,대학로,경기도 수원시 영통구 대학로 34,경기도 수원시 영통구 이의동 1258-4,수원-1001,02, ,N,37.29928078,127.0436235,5,8.1,15.9,Y, , ,,,N, ,Y, ,경기도 수원시청,031-5191-3294,2026-05-13,3740000,경기도 수원시
경기도,수원시,대학로,경기도 수원시 영통구 대학로 46,경기도 수원시 영통구 이의동 1258-1,수원-1000,01, ,N,37.29993241,127.0443078,4,6,12.6,Y, , ,,,N, ,Y, ,경기도 수원시청,031-5191-3294,2026-05-13,3740000,경기도 수원시
경기도,수원시,대학로,,경기도 수원시 영통구 이의동 1378-29,수원-0999,02, ,N,37.30105524,127.0448058,5,8,16.5,Y, , ,,,N, ,Y, ,경기도 수원시청,031-5191-3294,2026-05-13,3740000,경기도 수원시
경기도,수원시,대학로,,경기도 수원시 영통구 이의동 1378-29,수원-0998,02, ,N,37.30105524,127.0448058,5,9.9,15.6,Y, , ,,,N, ,Y, ,경기도 수원시청,031-5191-3294,2026-05-13,3740000,경기도 수원시
경기도,수원시,대학로,경기도 수원시 영통구 대학로 88,경기도 수원시 영통구 이의동 1209,수원-0997,01, ,N,37.30294601,127.0474266,4,8,12.4,Y, , ,,,N, ,Y, ,경기도 수원시청,031-5191-3294,2026-05-13,3740000,경기도 수원시
경기도,수원시,대학로,경기도 수원시 영통구 웰빙타운로49번길 36,경기도 수원시 영통구 이의동 1204-8,수원-0996,02, ,N,37.30394528,127.0471132,5,7.8,17.6,Y, , ,,,N, ,Y, ,경기도 수원시청,031-5191-3294,2026-05-13,3740000,경기도 수원시
경기도,수원시,대학로,경기도 수원시 영통구 대학로 101,경기도 수원시 영통구 이의동 1202-3,수원-0995,02, ,N,37.30436918,127.0471585,4,8,12.6,Y, , ,,,N, ,Y, ,경기도 수원시청,031-5191-3294,2026-05-13,3740000,경기도 수원시
경기도,수원시,대학로,경기도 수원시 영통구 대학로 109,경기도 수원시 영통구 이의동 1202,수원-0994,02, ,N,37.30508126,127.0471542,5,8,20.2,Y, , ,,,N, ,Y, ,경기도 수원시청,031-5191-3294,2026-05-13,3740000,경기도 수원시
경기도,수원시,삼성로,,경기도 수원시 영통구 신동 951,수원-1025,04, ,N,37.24640296,127.0477085,8,10,25.7,Y, , ,,,Y, ,Y, ,경기도 수원시청,031-5191-3294,2026-05-13,3740000,경기도 수원시
경기도,수원시,삼성로,,경기도 수원시 영통구 신동 951,수원-1024,04, ,N,37.24640296,127.0477085,8,9.6,27.2,Y, , ,,,Y, ,Y, ,경기도 수원시청,031-5191-3294,2026-05-13,3740000,경기도 수원시
경기도,수원시,삼성로,,경기도 수원시 영통구 신동 503-14,수원-1023,01, ,N,37.2475741,127.0485916,7,8.7,23.9,Y, , ,,,N, ,Y, ,경기도 수원시청,031-5191-3294,2026-05-13,3740000,경기도 수원시
경기도,수원시,삼성로,,경기도 수원시 영통구 신동 497-3,수원-1022,01, ,N,37.24806851,127.0489129,7,8.4,27.2,Y, , ,,,N, ,Y, ,경기도 수원시청,031-5191-3294,2026-05-13,3740000,경기도 수원시
경기도,수원시,삼성로,,경기도 수원시 영통구 매탄동 416-44,수원-1021,01, ,N,37.24909021,127.0497358,7,8.3,26,Y, , ,,,N, ,Y, ,경기도 수원시청,031-5191-3294,2026-05-13,3740000,경기도 수원시
경기도,수원시,삼성로,경기도 수원시 영통구 삼성로 130,경기도 수원시 영통구 매탄동 560,수원-1020,01, ,N,37.25467174,127.0574549,7,8.7,23.9,Y, , ,,,N, ,Y, ,경기도 수원시청,031-5191-3294,2026-05-13,3740000,경기도 수원시
경기도,수원시,삼성로,경기도 수원시 영통구 삼성로 130,경기도 수원시 영통구 매탄동 560,수원-1019,01,Y,N,37.25467174,127.0574549,8,8.2,29.9,Y, , ,,,N, ,Y, ,경기도 수원시청,031-5191-3294,2026-05-13,3740000,경기도 수원시
경기도,수원시,삼성로,경기도 수원시 영통구 삼성로 130,경기도 수원시 영통구 매탄동 560,수원-1018,01,Y,N,37.25467174,127.0574549,8,8.6,29.4,Y, , ,,,N, ,Y, ,경기도 수원시청,031-5191-3294,2026-05-13,3740000,경기도 수원시
경기도,수원시,삼성로,,경기도 수원시 영통구 매탄동 569-13,수원-1017,04,Y,N,37.25504123,127.0544968,9,8.2,24.2,Y, , ,,,Y, ,Y, ,경기도 수원시청,031-5191-3294,2026-05-13,3740000,경기도 수원시
경기도,수원시,삼성로,,경기도 수원시 영통구 매탄동 569-13,수원-1016,04,Y,N,37.25504123,127.0544968,9,8.5,23.4,Y, , ,,,Y, ,Y, ,경기도 수원시청,031-5191-3294,2026-05-13,3740000,경기도 수원시
경기도,수원시,삼성로,,경기도 수원시 영통구 매탄동 436-33,수원-1015,01, ,N,37.25728079,127.0566678,8,8.3,28.3,Y, , ,,,N, ,Y, ,경기도 수원시청,031-5191-3294,2026-05-13,3740000,경기도 수원시
경기도,수원시,삼성로,경기도 수원시 영통구 삼성로 168,경기도 수원시 영통구 매탄동 436-49,수원-1014,01, ,N,37.25819302,127.0572687,7,10.1,23.7,Y, , ,,,N, ,N, ,경기도 수원시청,031-5191-3294,2026-05-13,3740000,경기도 수원시
경기도,수원시,삼성로,,경기도 수원시 영통구 매탄동 383-6,수원-1013,01, ,N,37.26141105,127.0596522,7,8.2,23.8,Y, , ,,,N, ,Y, ,경기도 수원시청,031-5191-3294,2026-05-13,3740000,경기도 수원시
경기도,수원시,삼성로,,경기도 수원시 영통구 매탄동 372-11,수원-1012,01, ,N,37.26193165,127.0598563,7,8.2,26.2,Y, , ,,,N, ,Y, ,경기도 수원시청,031-5191-3294,2026-05-13,3740000,경기도 수원시
경기도,수원시,삼성로,,경기도 수원시 영통구 매탄동 362-1,수원-1011,01, ,N,37.2640754,127.0613009,9,8.9,29.4,Y, , ,,,N, ,Y, ,경기도 수원시청,031-5191-3294,2026-05-13,3740000,경기도 수원시
경기도,수원시,삼성로,,경기도 수원시 영통구 원천동 249-2,수원-1010,01, ,N,37.26476693,127.0617523,9,8.3,27.3,Y, , ,,,N, ,Y, ,경기도 수원시청,031-5191-3294,2026-05-13,3740000,경기도 수원시
경기도,수원시,삼성로,경기도 수원시 영통구 삼성로 263,경기도 수원시 영통구 원천동 250-3,수원-1009,01, ,N,37.26573083,127.0627112,7,5.8,28,Y, , ,,,N, ,Y, ,경기도 수원시청,031-5191-3294,2026-05-13,3740000,경기도 수원시
경기도,수원시,삼성로,,경기도 수원시 영통구 원천동 436-13,수원-1008,01, ,N,37.26571428,127.0633627,9,8,28.2,Y, , ,,,N, ,Y, ,경기도 수원시청,031-5191-3294,2026-05-13,3740000,경기도 수원시
경기도,수원시,삼성로,,경기도 수원시 영통구 원천동 434-10,수원-1007,01, ,N,37.26663121,127.0655305,9,4.9,28.1,Y, , ,,,N, ,N, ,경기도 수원시청,031-5191-3294,2026-05-13,3740000,경기도 수원시
경기도,수원시,삼성로,,경기도 수원시 영통구 원천동 320-13,수원-1006,01, ,N,37.26682168,127.0655532,9,8.6,27,Y, , ,,,N, ,Y, ,경기도 수원시청,031-5191-3294,2026-05-13,3740000,경기도 수원시
경기도,수원시,삼성로,,경기도 수원시 영통구 원천동 산76-3,수원-1005,01,Y,N,37.26716944,127.0671092,8,8.7,27.2,Y, , ,,,N, ,Y, ,경기도 수원시청,031-5191-3294,2026-05-13,3740000,경기도 수원시
경기도,수원시,대학로,,경기도 수원시 영통구 이의동 1281,수원-1004,04, ,N,37.2977359,127.0400557,9,8.4,27.7,Y, , ,,,Y, ,Y, ,경기도 수원시청,031-5191-3294,2026-05-13,3740000,경기도 수원시
경기도,수원시,대학로,,경기도 수원시 영통구 이의동 1275-12,수원-1003,01, ,N,37.29748792,127.0418939,6,6.3,21.9,Y, , ,,,N, ,Y, ,경기도 수원시청,031-5191-3294,2026-05-13,3740000,경기도 수원시
경기도,수원시,권선로,경기도 수원시 영통구 동탄원천로 882,경기도 수원시 영통구 매탄동 673-41,수원-1158,01, ,N,37.25239088,127.0462464,6,8.3,23.9,Y, , ,,,N, ,Y, ,경기도 수원시청,031-5191-3294,2026-05-13,3740000,경기도 수원시
경기도,수원시,권선로,,경기도 수원시 영통구 매탄동 673-85,수원-1157,01,Y,N,37.25161304,127.0416448,9,11.2,33.3,Y, , ,,,N, ,Y, ,경기도 수원시청,031-5191-3294,2026-05-13,3740000,경기도 수원시
경기도,수원시,권선로,,경기도 수원시 영통구 매탄동 673-85,수원-1156,01,Y,N,37.25161304,127.0416448,9,12,41.7,Y, , ,,,N, ,Y, ,경기도 수원시청,031-5191-3294,2026-05-13,3740000,경기도 수원시
경기도,수원시,권선로,,경기도 수원시 영통구 매탄동 1190-2,수원-1155,04, ,N,37.25419297,127.0395271,9,5.3,28.4,Y, , ,,,N, ,Y, ,경기도 수원시청,031-5191-3294,2026-05-13,3740000,경기도 수원시
경기도,수원시,권선로,경기도 수원시 영통구 권선로 820,경기도 수원시 영통구 매탄동 1174-8,수원-1154,04, ,N,37.25447348,127.0392142,8,6.3,28.2,Y, , ,,,N, ,N, ,경기도 수원시청,031-5191-3294,2026-05-13,3740000,경기도 수원시
경기도,수원시,권선로,경기도 수원시 영통구 권선로 802,경기도 수원시 영통구 매탄동 1175-4,수원-1153,01, ,N,37.25566017,127.0384063,6,8.1,24.3,Y, , ,,,N, ,Y, ,경기도 수원시청,031-5191-3294,2026-05-13,3740000,경기도 수원시
경기도,수원시,권선로,경기도 수원시 영통구 권선로 786,경기도 수원시 영통구 매탄동 1180,수원-1152,04, ,N,37.2562221,127.0368805,7,5.8,25.1,Y, , ,,,N, ,Y, ,경기도 수원시청,031-5191-3294,2026-05-13,3740000,경기도 수원시
경기도,수원시,권선로,,경기도 수원시 영통구 신동 507-19,수원-1164,04, ,N,37.24594703,127.0501785,8,9.7,27.5,Y, , ,,,N, ,Y, ,경기도 수원시청,031-5191-3294,2026-05-13,3740000,경기도 수원시
경기도,수원시,권선로,,경기도 수원시 영통구 신동 503-17,수원-1163,04, ,N,37.2475673,127.0477742,9,8,33.1,Y, , ,,,N, ,Y, ,경기도 수원시청,031-5191-3294,2026-05-13,3740000,경기도 수원시
경기도,수원시,권선로,,경기도 수원시 영통구 신동 503-17,수원-1162,01, ,N,37.2475673,127.0477742,8,7.5,27.4,Y, , ,,,N, ,Y, ,경기도 수원시청,031-5191-3294,2026-05-13,3740000,경기도 수원시
경기도,수원시,권선로,,경기도 수원시 영통구 신동 503-54,수원-1161,01, ,N,37.24791343,127.0486084,1,3.5,7.6,N, , ,,,N, ,N, ,경기도 수원시청,031-5191-3294,2026-05-13,3740000,경기도 수원시
경기도,수원시,권선로,,경기도 수원시 영통구 신동 529-15,수원-1160,01, ,N,37.24851076,127.0462761,8,8.3,27.2,Y, , ,,,N, ,Y, ,경기도 수원시청,031-5191-3294,2026-05-13,3740000,경기도 수원시
경기도,수원시,권선로,경기도 수원시 영통구 권선로 903,경기도 수원시 영통구 신동 532-22,수원-1159,01,Y,N,37.24902792,127.0459226,7,8.1,27.8,Y, , ,,,N, ,Y, ,경기도 수원시청,031-5191-3294,2026-05-13,3740000,경기도 수원시
경기도,수원시,아주로,,경기도 수원시 영통구 원천동 27-18,수원-1357,01, ,Y,37.27548906,127.0441088,2,6,9.1,N, , ,,,N, ,Y, ,경기도 수원시청,031-5191-3294,2026-05-13,3740000,경기도 수원시
경기도,수원시,아주로,경기도 수원시 영통구 아주로 20,경기도 수원시 영통구 원천동 25-15,수원-1356,03, ,N,37.27661283,127.0441552,4,6.5,14.5,Y, , ,,,N, ,Y, ,경기도 수원시청,031-5191-3294,2026-05-13,3740000,경기도 수원시
경기도,수원시,아주로,,경기도 수원시 영통구 원천동 19-18,수원-1355,01, ,N,37.27864482,127.0437256,4,5.8,13.5,Y, , ,,,N, ,Y, ,경기도 수원시청,031-5191-3294,2026-05-13,3740000,경기도 수원시
경기도,수원시,아주로,,경기도 수원시 영통구 원천동 14-13,수원-1354,04, ,N,37.27940022,127.0438265,6,5,15.2,Y, , ,,,Y, ,Y, ,경기도 수원시청,031-5191-3294,2026-05-13,3740000,경기도 수원시
경기도,수원시,광교호수로,,경기도 수원시 영통구 하동 1048,수원-1886,04, ,N,37.27763302,127.0671629,9,10.4,26,Y, , ,,,N, ,Y, ,경기도 수원시청,031-5191-3294,2026-05-13,3740000,경기도 수원시
경기도,수원시,광교호수로,경기도 수원시 영통구 광교호수로152번길 23,경기도 수원시 영통구 하동 1027,수원-1885,04, ,N,37.28110772,127.0723182,9,9.9,30.1,Y, , ,,,N, ,Y, ,경기도 수원시청,031-5191-3294,2026-05-13,3740000,경기도 수원시
경기도,수원시,광교호수로,,경기도 수원시 영통구 하동 1001-1,수원-1884,01, ,N,37.29502314,127.0801591,7,10.5,25.4,Y, , ,,,N, ,Y, ,경기도 수원시청,031-5191-3294,2026-05-13,3740000,경기도 수원시
경기도,수원시,광교호수공원로,,경기도 수원시 영통구 원천동 605-1,수원-1883,01, ,N,37.27189118,127.0594465,5,8.3,19.1,Y, , ,,,N, ,Y, ,경기도 수원시청,031-5191-3294,2026-05-13,3740000,경기도 수원시
경기도,수원시,광교호수공원로,,경기도 수원시 영통구 원천동 605,수원-1882,01, ,N,37.27164157,127.0605191,5,9.7,19.4,Y, , ,,,N, ,Y, ,경기도 수원시청,031-5191-3294,2026-05-13,3740000,경기도 수원시
경기도,수원시,광교호수공원로,경기도 수원시 영통구 광교호수공원로 80,경기도 수원시 영통구 원천동 593,수원-1881,01, ,N,37.27308767,127.0612627,5,10.2,17.9,Y, , ,,,N, ,Y, ,경기도 수원시청,031-5191-3294,2026-05-13,3740000,경기도 수원시
경기도,수원시,광교호수공원로,경기도 수원시 영통구 광교호수공원로 80,경기도 수원시 영통구 원천동 593,수원-1880,01, ,N,37.27308767,127.0612627,4,6.3,12.2,Y, , ,,,N, ,Y, ,경기도 수원시청,031-5191-3294,2026-05-13,3740000,경기도 수원시
경기도,수원시,광교호수공원로,,경기도 수원시 영통구 하동 1023-1,수원-1879,01, ,N,37.28091452,127.0658507,4,7.9,13.5,Y, , ,,,N, ,Y, ,경기도 수원시청,031-5191-3294,2026-05-13,3740000,경기도 수원시
경기도,수원시,광교호수공원로,경기도 수원시 영통구 광교호수공원로 155,경기도 수원시 영통구 원천동 590,수원-1878,01, ,N,37.27661056,127.0601989,4,7.5,13,Y, , ,,,N, ,Y, ,경기도 수원시청,031-5191-3294,2026-05-13,3740000,경기도 수원시
경기도,수원시,광교호수공원로,,경기도 수원시 영통구 원천동 589-2,수원-1877,01, ,N,37.27906245,127.0589671,4,6,12.9,Y, , ,,,N, ,Y, ,경기도 수원시청,031-5191-3294,2026-05-13,3740000,경기도 수원시
경기도,수원시,광교호수공원로,경기도 수원시 영통구 광교호수공원로 205,경기도 수원시 영통구 원천동 589-1,수원-1876,01, ,N,37.2796927,127.0588354,4,6,12.9,Y, , ,,,N, ,Y, ,경기도 수원시청,031-5191-3294,2026-05-13,3740000,경기도 수원시
경기도,수원시,광교호수공원로,,경기도 수원시 영통구 하동 산59-1,수원-1875,01, ,N,37.28394889,127.0583843,4,8,16.2,Y, , ,,,N, ,Y, ,경기도 수원시청,031-5191-3294,2026-05-13,3740000,경기도 수원시
경기도,수원시,광교호수공원로,,경기도 수원시 영통구 하동 산62-5,수원-1874,01, ,N,37.28504479,127.0567083,7,10.3,33,Y, , ,,,N, ,Y, ,경기도 수원시청,031-5191-3294,2026-05-13,3740000,경기도 수원시
경기도,수원시,광교중앙로,경기도 수원시 영통구 월드컵로 128,경기도 수원시 영통구 원천동 579-4,수원-1873,03, ,N,37.27597185,127.050972,11,10.4,32.5,Y, , ,,,Y, ,Y, ,경기도 수원시청,031-5191-3294,2026-05-13,3740000,경기도 수원시
경기도,수원시,광교중앙로,경기도 수원시 영통구 광교중앙로37번길 45,경기도 수원시 영통구 원천동 574-1,수원-1872,01, ,N,37.27830307,127.0514094,9,4.4,50,N, , ,,,N, ,N, ,경기도 수원시청,031-5191-3294,2026-05-13,3740000,경기도 수원시
경기도,수원시,광교중앙로,경기도 수원시 영통구 광교호수공원로 277,경기도 수원시 영통구 원천동 589,수원-1871,01, ,N,37.28394176,127.056778,11,9.7,37.5,Y, , ,,,N, ,Y, ,경기도 수원시청,031-5191-3294,2026-05-13,3740000,경기도 수원시
경기도,수원시,광교중앙로,,경기도 수원시 영통구 하동 산62-5,수원-1870,01, ,N,37.28504479,127.0567083,9,10.2,31.1,Y, , ,,,N, ,Y, ,경기도 수원시청,031-5191-3294,2026-05-13,3740000,경기도 수원시
경기도,수원시,광교중앙로,,경기도 수원시 영통구 하동 864-1,수원-1869,01, ,N,37.28582866,127.0594469,9,10,31.9,Y, , ,,,N, ,Y, ,경기도 수원시청,031-5191-3294,2026-05-13,3740000,경기도 수원시
경기도,수원시,광교중앙로,,경기도 수원시 영통구 하동 1016-2,수원-1868,01, ,N,37.28708984,127.0597978,9,10.5,34.8,Y, , ,,,N, ,Y, ,경기도 수원시청,031-5191-3294,2026-05-13,3740000,경기도 수원시
경기도,수원시,광교중앙로,,경기도 수원시 영통구 하동 1044-1,수원-1867,01, ,N,37.28892477,127.0627644,8,8,39.2,Y, , ,,,N, ,Y, ,경기도 수원시청,031-5191-3294,2026-05-13,3740000,경기도 수원시
경기도,수원시,광교중앙로,,경기도 수원시 영통구 하동 1044-4,수원-1866,01, ,N,37.29029933,127.0624334,8,9.6,35.5,Y, , ,,,N, ,Y, ,경기도 수원시청,031-5191-3294,2026-05-13,3740000,경기도 수원시
경기도,수원시,광교중앙로,경기도 수원시 영통구 광교중앙로 244,경기도 수원시 영통구 하동 987-5,수원-1865,01, ,N,37.29206684,127.0668633,9,10.5,31.7,Y, , ,,,N, ,Y, ,경기도 수원시청,031-5191-3294,2026-05-13,3740000,경기도 수원시
경기도,수원시,광교중앙로,경기도 수원시 영통구 광교중앙로 250,경기도 수원시 영통구 하동 983,수원-1864,01, ,N,37.29232158,127.0674909,9,9,30,Y, , ,,,N, ,Y, ,경기도 수원시청,031-5191-3294,2026-05-13,3740000,경기도 수원시
경기도,수원시,광교중앙로,경기도 수원시 영통구 법조로149번길 104,경기도 수원시 영통구 하동 968-4,수원-1863,01, ,N,37.29371377,127.0686139,7,7.8,26,Y, , ,,,N, ,Y, ,경기도 수원시청,031-5191-3294,2026-05-13,3740000,경기도 수원시
경기도,수원시,광교마을로,경기도 수원시 영통구 광교마을로 156,경기도 수원시 영통구 하동 1001,수원-1862,01, ,N,37.29533687,127.0813315,4,5.8,13.2,Y, , ,,,N, ,Y, ,경기도 수원시청,031-5191-3294,2026-05-13,3740000,경기도 수원시
경기도,수원시,매영로,경기도 수원시 영통구 매영로 10,경기도 수원시 영통구 매탄동 810,수원-1913,01, ,N,37.2701205,127.0434332,5,6.2,11.6,Y, , ,,,N, ,Y, ,경기도 수원시청,031-5191-3294,2026-05-13,3740000,경기도 수원시
경기도,수원시,매여울로,경기도 수원시 영통구 동수원로 498,경기도 수원시 영통구 매탄동 196-14,수원-1912,01, ,N,37.27201987,127.0452318,1,2.3,8.8,N, , ,,,N, ,Y, ,경기도 수원시청,031-5191-3294,2026-05-13,3740000,경기도 수원시
경기도,수원시,매봉로,경기도 수원시 영통구 매영로 85,경기도 수원시 영통구 매탄동 1215-4,수원-1911,01, ,N,37.26815203,127.0520945,4,5.9,12.8,Y, , ,,,N, ,Y, ,경기도 수원시청,031-5191-3294,2026-05-13,3740000,경기도 수원시
경기도,수원시,매봉로,경기도 수원시 영통구 매봉로27번길 11,경기도 수원시 영통구 매탄동 50,수원-1910,01, ,N,37.26939399,127.0517095,5,8.2,16.5,Y, , ,,,N, ,Y, ,경기도 수원시청,031-5191-3294,2026-05-13,3740000,경기도 수원시
경기도,수원시,매봉로,경기도 수원시 영통구 매봉로27번길 11,경기도 수원시 영통구 매탄동 50,수원-1909,01, ,N,37.26939399,127.0517095,5,7.4,16.3,Y, , ,,,N, ,Y, ,경기도 수원시청,031-5191-3294,2026-05-13,3740000,경기도 수원시
경기도,수원시,매봉로,경기도 수원시 영통구 매봉로 31,경기도 수원시 영통구 매탄동 1208-3,수원-1908,01, ,N,37.27084893,127.052559,5,8,16.3,Y, , ,,,N, ,Y, ,경기도 수원시청,031-5191-3294,2026-05-13,3740000,경기도 수원시
경기도,수원시,매봉로,경기도 수원시 영통구 매봉로35번길 1,경기도 수원시 영통구 매탄동 1208-1,수원-1907,01, ,N,37.27109273,127.0526703,4,8.5,14.5,Y, , ,,,N, ,Y, ,경기도 수원시청,031-5191-3294,2026-05-13,3740000,경기도 수원시
경기도,수원시,매봉로,경기도 수원시 영통구 매봉로 45,경기도 수원시 영통구 매탄동 1195-6,수원-1906,01, ,N,37.27201337,127.052992,4,6.3,12.9,N, , ,,,N, ,Y, ,경기도 수원시청,031-5191-3294,2026-05-13,3740000,경기도 수원시
경기도,수원시,매봉로,,경기도 수원시 영통구 매탄동 1194,수원-1905,01, ,N,37.27286001,127.0530545,4,6.4,18.5,Y, , ,,,N, ,Y, ,경기도 수원시청,031-5191-3294,2026-05-13,3740000,경기도 수원시
경기도,수원시,동탄지성로,,경기도 수원시 영통구 망포동 234-18,수원-1904,01, ,N,37.23435698,127.0458394,6,6.9,24.7,Y, , ,,,N, ,Y, ,경기도 수원시청,031-5191-3294,2026-05-13,3740000,경기도 수원시
경기도,수원시,동탄지성로,,경기도 수원시 영통구 망포동 234-18,수원-1903,01, ,N,37.23435698,127.0458394,7,7.9,24.7,Y, , ,,,N, ,Y, ,경기도 수원시청,031-5191-3294,2026-05-13,3740000,경기도 수원시
경기도,수원시,동탄지성로,,경기도 수원시 영통구 망포동 217-7,수원-1902,01, ,N,37.23686332,127.0476776,7,5.5,24.4,Y, , ,,,N, ,Y, ,경기도 수원시청,031-5191-3294,2026-05-13,3740000,경기도 수원시
경기도,수원시,동탄지성로,,경기도 수원시 영통구 망포동 78-11,수원-1901,01, ,N,37.23870503,127.0454589,7,9.9,27.9,Y, , ,,,N, ,Y, ,경기도 수원시청,031-5191-3294,2026-05-13,3740000,경기도 수원시
경기도,수원시,동탄지성로,,경기도 수원시 영통구 망포동 71-12,수원-1900,02, ,N,37.24149191,127.0463958,7,10.7,24.2,Y, , ,,,Y, ,Y, ,경기도 수원시청,031-5191-3294,2026-05-13,3740000,경기도 수원시
경기도,수원시,동탄지성로,,경기도 수원시 영통구 망포동 71-12,수원-1899,02, ,N,37.24149191,127.0463958,8,10.7,24.2,Y, , ,,,Y, ,Y, ,경기도 수원시청,031-5191-3294,2026-05-13,3740000,경기도 수원시
경기도,수원시,동탄지성로,,경기도 수원시 영통구 망포동 39-4,수원-1898,04, ,N,37.24506017,127.0472486,8,10.4,32.5,Y, , ,,,Y, ,Y, ,경기도 수원시청,031-5191-3294,2026-05-13,3740000,경기도 수원시
경기도,수원시,도청로,경기도 수원시 영통구 도청로 10,경기도 수원시 영통구 이의동 1338,수원-1897,01, ,N,37.28661418,127.0559743,10,9.9,33.4,Y, , ,,,N, ,Y, ,경기도 수원시청,031-5191-3294,2026-05-13,3740000,경기도 수원시
경기도,수원시,도청로,경기도 수원시 영통구 도청로 10,경기도 수원시 영통구 이의동 1338,수원-1896,01, ,N,37.28661418,127.0559743,10,10.7,36.3,Y, , ,,,N, ,Y, ,경기도 수원시청,031-5191-3294,2026-05-13,3740000,경기도 수원시
경기도,수원시,도청로,경기도 수원시 영통구 도청로17번길 10,경기도 수원시 영통구 이의동 1340,수원-1895,01, ,N,37.2861239,127.0539802,9,10.1,37.8,Y, , ,,,N, ,Y, ,경기도 수원시청,031-5191-3294,2026-05-13,3740000,경기도 수원시
경기도,수원시,도청로,,경기도 수원시 영통구 이의동 292-16,수원-1894,01, ,N,37.2892098,127.0507198,7,8.3,36.4,Y, , ,,,N, ,Y, ,경기도 수원시청,031-5191-3294,2026-05-13,3740000,경기도 수원시
경기도,수원시,도청로,,경기도 수원시 영통구 이의동 292-3,수원-1893,01, ,N,37.28920993,127.0503927,8,6,34.8,Y, , ,,,N, ,Y, ,경기도 수원시청,031-5191-3294,2026-05-13,3740000,경기도 수원시
경기도,수원시,도청로,,경기도 수원시 영통구 이의동 산119-1,수원-1892,01, ,N,37.29029168,127.0490852,9,7.5,31.4,Y, , ,,,N, ,Y, ,경기도 수원시청,031-5191-3294,2026-05-13,3740000,경기도 수원시
경기도,수원시,도청로,경기도 수원시 영통구 도청로 95,경기도 수원시 영통구 이의동 1351-6,수원-1891,01, ,N,37.29090564,127.0477287,9,9.9,31.5,Y, , ,,,N, ,Y, ,경기도 수원시청,031-5191-3294,2026-05-13,3740000,경기도 수원시
경기도,수원시,도청로,,경기도 수원시 영통구 이의동 1351-4,수원-1890,01, ,N,37.2914607,127.0468304,7,10.7,23.4,Y, , ,,,N, ,Y, ,경기도 수원시청,031-5191-3294,2026-05-13,3740000,경기도 수원시
경기도,수원시,광교호수로,경기도 수원시 영통구 광교호수로 15,경기도 수원시 영통구 원천동 604,수원-1889,01, ,N,37.27069616,127.061017,7,10.3,30,Y, , ,,,N, ,Y, ,경기도 수원시청,031-5191-3294,2026-05-13,3740000,경기도 수원시
경기도,수원시,광교호수로,경기도 수원시 영통구 광교호수로 15,경기도 수원시 영통구 원천동 604,수원-1888,01, ,N,37.27069616,127.061017,6,10.6,25,Y, , ,,,N, ,Y, ,경기도 수원시청,031-5191-3294,2026-05-13,3740000,경기도 수원시
경기도,수원시,광교호수로,,경기도 수원시 영통구 하동 1048,수원-1887,99, ,N,37.27763302,127.0671629,8,6.5,56.4,N, , ,,,N, ,N, ,경기도 수원시청,031-5191-3294,2026-05-13,3740000,경기도 수원시
경기도,수원시,매영로,,경기도 수원시 영통구 영통동 961-11,수원-1940,01, ,N,37.25437679,127.0680566,5,7.9,17.7,Y, , ,,,N, ,Y, ,경기도 수원시청,031-5191-3294,2026-05-13,3740000,경기도 수원시
경기도,수원시,매영로,,경기도 수원시 영통구 영통동 961-11,수원-1939,04, ,N,37.25437679,127.0680566,5,8,16.8,Y, , ,,,N, ,Y, ,경기도 수원시청,031-5191-3294,2026-05-13,3740000,경기도 수원시
경기도,수원시,매영로,경기도 수원시 영통구 매영로 293,경기도 수원시 영통구 영통동 961-13,수원-1938,04, ,N,37.25640386,127.0676652,7,8,19.3,Y, , ,,,Y, ,Y, ,경기도 수원시청,031-5191-3294,2026-05-13,3740000,경기도 수원시
경기도,수원시,매영로,경기도 수원시 영통구 매영로 268,경기도 수원시 영통구 영통동 63-2,수원-1937,04, ,N,37.25745706,127.0654263,8,8.2,20.7,Y, , ,,,Y, ,Y, ,경기도 수원시청,031-5191-3294,2026-05-13,3740000,경기도 수원시
경기도,수원시,매영로,경기도 수원시 영통구 매영로 249,경기도 수원시 영통구 원천동 417-6,수원-1936,01, ,N,37.25907846,127.0651238,4,10.5,20.6,Y, , ,,,N, ,Y, ,경기도 수원시청,031-5191-3294,2026-05-13,3740000,경기도 수원시
경기도,수원시,매영로,경기도 수원시 영통구 매영로 242,경기도 수원시 영통구 원천동 366-7,수원-1935,01, ,N,37.25972438,127.0642856,4,4.8,13.2,Y, , ,,,N, ,Y, ,경기도 수원시청,031-5191-3294,2026-05-13,3740000,경기도 수원시
경기도,수원시,매영로,경기도 수원시 영통구 매영로 225,경기도 수원시 영통구 원천동 362-8,수원-1934,01, ,N,37.26114839,127.0642323,4,5.9,12.6,Y, , ,,,N, ,Y, ,경기도 수원시청,031-5191-3294,2026-05-13,3740000,경기도 수원시
경기도,수원시,매영로,,경기도 수원시 영통구 원천동 362-46,수원-1933,01, ,N,37.26160926,127.0635554,4,5.2,12.6,Y, , ,,,N, ,Y, ,경기도 수원시청,031-5191-3294,2026-05-13,3740000,경기도 수원시
경기도,수원시,매영로,경기도 수원시 영통구 매영로 205,경기도 수원시 영통구 원천동 337-6,수원-1932,01, ,N,37.26359425,127.0640824,4,5.6,12.5,Y, , ,,,N, ,Y, ,경기도 수원시청,031-5191-3294,2026-05-13,3740000,경기도 수원시
경기도,수원시,매영로,경기도 수원시 영통구 매영로199번길 29,경기도 수원시 영통구 원천동 333-6,수원-1931,01, ,N,37.2642765,127.0643045,4,5.9,11.8,Y, , ,,,N, ,Y, ,경기도 수원시청,031-5191-3294,2026-05-13,3740000,경기도 수원시
경기도,수원시,매영로,,경기도 수원시 영통구 원천동 339-7,수원-1930,01, ,N,37.26428919,127.0615039,4,8.4,18.3,Y, , ,,,N, ,Y, ,경기도 수원시청,031-5191-3294,2026-05-13,3740000,경기도 수원시
경기도,수원시,매영로,경기도 수원시 영통구 매영로 176-1,경기도 수원시 영통구 매탄동 361-1,수원-1929,01, ,N,37.26450838,127.0611904,4,8,13.5,Y, , ,,,N, ,Y, ,경기도 수원시청,031-5191-3294,2026-05-13,3740000,경기도 수원시
경기도,수원시,매영로,경기도 수원시 영통구 중부대로448번길 97,경기도 수원시 영통구 원천동 471,수원-1928,01, ,N,37.26653891,127.0594079,5,8.5,13.9,Y, , ,,,N, ,N, ,경기도 수원시청,031-5191-3294,2026-05-13,3740000,경기도 수원시
경기도,수원시,매영로,경기도 수원시 영통구 매영로 141,경기도 수원시 영통구 원천동 550-1,수원-1927,01, ,N,37.26670559,127.0581776,5,7.2,17.1,Y, , ,,,N, ,N, ,경기도 수원시청,031-5191-3294,2026-05-13,3740000,경기도 수원시
경기도,수원시,매영로,경기도 수원시 영통구 매영로 134,경기도 수원시 영통구 매탄동 1231-1,수원-1926,01, ,N,37.26643118,127.0571077,6,5.8,20,Y, , ,,,N, ,Y, ,경기도 수원시청,031-5191-3294,2026-05-13,3740000,경기도 수원시
경기도,수원시,매영로,,경기도 수원시 영통구 매탄동 1228-3,수원-1925,04, ,N,37.2670154,127.0556662,4,5,24.4,Y, , ,,,N, ,Y, ,경기도 수원시청,031-5191-3294,2026-05-13,3740000,경기도 수원시
경기도,수원시,매영로,,경기도 수원시 영통구 매탄동 1217-5,수원-1924,04, ,N,37.26716417,127.0547578,5,5.1,12.5,Y, , ,,,Y, ,Y, ,경기도 수원시청,031-5191-3294,2026-05-13,3740000,경기도 수원시
경기도,수원시,매영로,,경기도 수원시 영통구 매탄동 1217-3,수원-1923,01, ,N,37.26730671,127.0541164,4,6.2,13.1,Y, , ,,,N, ,Y, ,경기도 수원시청,031-5191-3294,2026-05-13,3740000,경기도 수원시
경기도,수원시,매영로,경기도 수원시 영통구 매영로 85,경기도 수원시 영통구 매탄동 1215-4,수원-1922,01, ,N,37.26815203,127.0520945,4,6.2,15.2,Y, , ,,,N, ,Y, ,경기도 수원시청,031-5191-3294,2026-05-13,3740000,경기도 수원시
경기도,수원시,매영로,경기도 수원시 영통구 매영로 79,경기도 수원시 영통구 매탄동 1216,수원-1921,01, ,N,37.26914047,127.0513148,4,6.5,16.9,Y, , ,,,N, ,Y, ,경기도 수원시청,031-5191-3294,2026-05-13,3740000,경기도 수원시
경기도,수원시,매영로,경기도 수원시 영통구 매영로 69,경기도 수원시 영통구 매탄동 1216-1,수원-1920,01, ,N,37.26869071,127.049874,4,8.5,11.7,Y, , ,,,N, ,Y, ,경기도 수원시청,031-5191-3294,2026-05-13,3740000,경기도 수원시
경기도,수원시,매영로,경기도 수원시 영통구 산남로 65,경기도 수원시 영통구 매탄동 199-61,수원-1919,01, ,N,37.26884397,127.0491647,4,5.8,13.9,Y, , ,,,N, ,Y, ,경기도 수원시청,031-5191-3294,2026-05-13,3740000,경기도 수원시
경기도,수원시,매영로,경기도 수원시 영통구 매영로 41,경기도 수원시 영통구 매탄동 199-76,수원-1918,01, ,N,37.26932413,127.0474361,4,8.3,11.9,Y, , ,,,N, ,Y, ,경기도 수원시청,031-5191-3294,2026-05-13,3740000,경기도 수원시
경기도,수원시,매영로,경기도 수원시 영통구 매영로 39,경기도 수원시 영통구 매탄동 198-92,수원-1917,01, ,N,37.26942203,127.0471085,4,8.2,12.9,Y, , ,,,N, ,Y, ,경기도 수원시청,031-5191-3294,2026-05-13,3740000,경기도 수원시
경기도,수원시,매영로,경기도 수원시 영통구 매영로 21,경기도 수원시 영통구 매탄동 198-82,수원-1916,01, ,N,37.26995564,127.0452217,4,7.9,13.2,N, , ,,,N, ,Y, ,경기도 수원시청,031-5191-3294,2026-05-13,3740000,경기도 수원시
경기도,수원시,매영로,경기도 수원시 영통구 매영로 10,경기도 수원시 영통구 매탄동 810,수원-1915,01, ,N,37.2701205,127.0434332,4,8.2,12.6,N, , ,,,N, ,Y, ,경기도 수원시청,031-5191-3294,2026-05-13,3740000,경기도 수원시
경기도,수원시,매영로,경기도 수원시 영통구 매영로 10,경기도 수원시 영통구 매탄동 810,수원-1914,01, ,N,37.2701205,127.0434332,4,6.6,12,Y, , ,,,N, ,Y, ,경기도 수원시청,031-5191-3294,2026-05-13,3740000,경기도 수원시
경기도,수원시,반달로,경기도 수원시 영통구 청명로43번길 17,경기도 수원시 영통구 영통동 1029-1,수원-1966,01, ,N,37.2511261,127.0795352,4,5.4,12.9,N, , ,,,N, ,N, ,경기도 수원시청,031-5191-3294,2026-05-13,3740000,경기도 수원시
경기도,수원시,반달로,경기도 수원시 영통구 청명로21번길 20,경기도 수원시 영통구 영통동 1029-8,수원-1965,01, ,N,37.25033209,127.0793141,4,6.5,12.6,Y, , ,,,N, ,Y, ,경기도 수원시청,031-5191-3294,2026-05-13,3740000,경기도 수원시
경기도,수원시,반달로,경기도 수원시 영통구 매영로425번길 18,경기도 수원시 영통구 영통동 1013-8,수원-1964,01, ,N,37.24961587,127.0781567,4,6.4,12.3,N, , ,,,N, ,N, ,경기도 수원시청,031-5191-3294,2026-05-13,3740000,경기도 수원시
경기도,수원시,반달로,경기도 수원시 영통구 반달로 58,경기도 수원시 영통구 영통동 1014-8,수원-1963,01, ,N,37.24961502,127.0779199,4,5.9,12.7,N, , ,,,N, ,N, ,경기도 수원시청,031-5191-3294,2026-05-13,3740000,경기도 수원시
경기도,수원시,반달로,경기도 수원시 영통구 영일로 28,경기도 수원시 영통구 영통동 1014-1,수원-1962,02, ,N,37.24987353,127.0771066,4,6.3,15.1,Y, , ,,,N, ,Y, ,경기도 수원시청,031-5191-3294,2026-05-13,3740000,경기도 수원시
경기도,수원시,반달로,경기도 수원시 영통구 영일로 29,경기도 수원시 영통구 영통동 1005-8,수원-1961,02, ,N,37.25005271,127.0768012,5,6,15.9,Y, , ,,,N, ,Y, ,경기도 수원시청,031-5191-3294,2026-05-13,3740000,경기도 수원시
경기도,수원시,반달로,경기도 수원시 영통구 반달로 38,경기도 수원시 영통구 영통동 1005-1,수원-1960,01, ,N,37.25052778,127.0760543,4,5.6,12.4,N, , ,,,N, ,Y, ,경기도 수원시청,031-5191-3294,2026-05-13,3740000,경기도 수원시
경기도,수원시,반달로,경기도 수원시 영통구 매영로393번길 33,경기도 수원시 영통구 영통동 1008-13,수원-1959,01, ,N,37.25070701,127.0757601,4,8.5,13.3,N, , ,,,N, ,Y, ,경기도 수원시청,031-5191-3294,2026-05-13,3740000,경기도 수원시
경기도,수원시,반달로,경기도 수원시 영통구 반달로 21,경기도 수원시 영통구 영통동 1009-6,수원-1958,02, ,N,37.25163292,127.0750558,3,6,15,Y, , ,,,N, ,Y, ,경기도 수원시청,031-5191-3294,2026-05-13,3740000,경기도 수원시
경기도,수원시,반달로,경기도 수원시 영통구 청명남로 21,경기도 수원시 영통구 영통동 998-6,수원-1957,02, ,N,37.25203644,127.0744672,3,6.2,10.5,Y, , ,,,N, ,Y, ,경기도 수원시청,031-5191-3294,2026-05-13,3740000,경기도 수원시
경기도,수원시,반달로,경기도 수원시 영통구 반달로7번길 6,경기도 수원시 영통구 영통동 998-5,수원-1956,02, ,N,37.25231429,127.0740258,3,6.4,12.6,Y, , ,,,N, ,Y, ,경기도 수원시청,031-5191-3294,2026-05-13,3740000,경기도 수원시
경기도,수원시,반달로,경기도 수원시 영통구 봉영로 1590,경기도 수원시 영통구 영통동 995-5,수원-1955,02, ,N,37.25278995,127.0734481,5,5.9,18.6,Y, , ,,,N, ,Y, ,경기도 수원시청,031-5191-3294,2026-05-13,3740000,경기도 수원시
경기도,수원시,반달로,경기도 수원시 영통구 봉영로 1590,경기도 수원시 영통구 영통동 995-5,수원-1954,01, ,N,37.25278995,127.0734481,5,5.2,19.8,N, , ,,,N, ,Y, ,경기도 수원시청,031-5191-3294,2026-05-13,3740000,경기도 수원시
경기도,수원시,매원로,경기도 수원시 영통구 매원로 1,경기도 수원시 영통구 매탄동 207-62,수원-1953,01, ,N,37.26703067,127.0464122,1,3.8,8.3,Y, , ,,,N, ,Y, ,경기도 수원시청,031-5191-3294,2026-05-13,3740000,경기도 수원시
경기도,수원시,매영로,경기도 수원시 영통구 매영로 433,경기도 수원시 영통구 영통동 1019-13,수원-1952,01, ,N,37.24886176,127.0790179,5,8,19.2,Y, , ,,,N, ,Y, ,경기도 수원시청,031-5191-3294,2026-05-13,3740000,경기도 수원시
경기도,수원시,매영로,경기도 수원시 영통구 매영로425번길 1,경기도 수원시 영통구 영통동 1018-13,수원-1951,01, ,N,37.24885778,127.0779016,5,5.7,15.8,Y, , ,,,N, ,Y, ,경기도 수원시청,031-5191-3294,2026-05-13,3740000,경기도 수원시
경기도,수원시,매영로,경기도 수원시 영통구 영일로 16-12,경기도 수원시 영통구 영통동 1016-5,수원-1950,01, ,N,37.24886281,127.0767853,5,5.4,15.7,Y, , ,,,N, ,Y, ,경기도 수원시청,031-5191-3294,2026-05-13,3740000,경기도 수원시
경기도,수원시,매영로,경기도 수원시 영통구 영일로 16,경기도 수원시 영통구 영통동 1016-1,수원-1949,01, ,N,37.24886965,127.0761763,5,8,21.7,Y, , ,,,N, ,Y, ,경기도 수원시청,031-5191-3294,2026-05-13,3740000,경기도 수원시
경기도,수원시,매영로,경기도 수원시 영통구 영일로 9,경기도 수원시 영통구 영통동 993-10,수원-1948,01, ,N,37.2485787,127.0754789,5,7.9,15.6,Y, , ,,,N, ,Y, ,경기도 수원시청,031-5191-3294,2026-05-13,3740000,경기도 수원시
경기도,수원시,매영로,경기도 수원시 영통구 덕영대로1673번길 38,경기도 수원시 영통구 영통동 990-1,수원-1947,02, ,N,37.24913464,127.0746639,5,6.2,15.6,Y, , ,,,N, ,Y, ,경기도 수원시청,031-5191-3294,2026-05-13,3740000,경기도 수원시
경기도,수원시,매영로,경기도 수원시 영통구 청명남로4번길 28,경기도 수원시 영통구 영통동 1000-18,수원-1946,02, ,N,37.24954035,127.0746842,5,5,16.3,Y, , ,,,N, ,Y, ,경기도 수원시청,031-5191-3294,2026-05-13,3740000,경기도 수원시
경기도,수원시,매영로,경기도 수원시 영통구 청명남로4번길 2,경기도 수원시 영통구 영통동 1000-8,수원-1945,01, ,N,37.25026633,127.0735299,4,8.1,16.1,Y, , ,,,N, ,Y, ,경기도 수원시청,031-5191-3294,2026-05-13,3740000,경기도 수원시
경기도,수원시,매영로,경기도 수원시 영통구 청명남로 3,경기도 수원시 영통구 영통동 999-2,수원-1944,04, ,N,37.25072404,127.0729748,5,8.3,15.8,Y, , ,,,N, ,Y, ,경기도 수원시청,031-5191-3294,2026-05-13,3740000,경기도 수원시
경기도,수원시,매영로,경기도 수원시 영통구 봉영로 1576,경기도 수원시 영통구 영통동 994-2,수원-1943,04, ,N,37.25181341,127.0726078,7,6.1,15.4,Y, , ,,,Y, ,Y, ,경기도 수원시청,031-5191-3294,2026-05-13,3740000,경기도 수원시
경기도,수원시,매영로,경기도 수원시 영통구 봉영로 1569,경기도 수원시 영통구 영통동 960-3,수원-1942,04, ,N,37.25206914,127.071039,7,6.4,15.2,Y, , ,,,Y, ,Y, ,경기도 수원시청,031-5191-3294,2026-05-13,3740000,경기도 수원시
경기도,수원시,매영로,경기도 수원시 영통구 매영로 333,경기도 수원시 영통구 영통동 961-7,수원-1941,01, ,N,37.25274907,127.0696256,5,5.9,15.4,Y, , ,,,N, ,Y, ,경기도 수원시청,031-5191-3294,2026-05-13,3740000,경기도 수원시
경기도,수원시,봉영로,경기도 수원시 영통구 봉영로1744번길 16,경기도 수원시 영통구 영통동 1052-2,수원-1994,01, ,N,37.26437036,127.0828563,13,9.8,44.8,Y, , ,,,N, ,Y, ,경기도 수원시청,031-5191-3294,2026-05-13,3740000,경기도 수원시
경기도,수원시,봉영로,경기도 수원시 영통구 봉영로1744번길 11,경기도 수원시 영통구 영통동 1053-2,수원-1993,01, ,N,37.26664255,127.0830468,13,8.5,44.2,Y, , ,,,N, ,Y, ,경기도 수원시청,031-5191-3294,2026-05-13,3740000,경기도 수원시
경기도,수원시,봉영로,,경기도 수원시 영통구 영통동 945-8,수원-1992,99, ,N,37.26648583,127.0817422,11,4.8,58.4,N, , ,,,N, ,N, ,경기도 수원시청,031-5191-3294,2026-05-13,3740000,경기도 수원시
경기도,수원시,법조로,경기도 수원시 영통구 법조로149번길 8,경기도 수원시 영통구 하동 961-6,수원-1990,02, ,N,37.29281481,127.0717668,7,6.1,22,Y, , ,,,N, ,Y, ,경기도 수원시청,031-5191-3294,2026-05-13,3740000,경기도 수원시
경기도,수원시,법조로,경기도 수원시 영통구 법조로 145,경기도 수원시 영통구 하동 977,수원-1989,02, ,N,37.29236204,127.0711939,7,9,21.2,Y, , ,,,N, ,Y, ,경기도 수원시청,031-5191-3294,2026-05-13,3740000,경기도 수원시
경기도,수원시,법조로,경기도 수원시 영통구 법조로 129,경기도 수원시 영통구 하동 981,수원-1988,01, ,N,37.29133276,127.0707259,7,6.2,21.5,Y, , ,,,N, ,Y, ,경기도 수원시청,031-5191-3294,2026-05-13,3740000,경기도 수원시
경기도,수원시,법조로,경기도 수원시 영통구 법조로 129,경기도 수원시 영통구 하동 981,수원-1987,01, ,N,37.29133276,127.0707259,7,8.1,21.7,Y, , ,,,N, ,Y, ,경기도 수원시청,031-5191-3294,2026-05-13,3740000,경기도 수원시
경기도,수원시,법조로,경기도 수원시 영통구 광교중앙로266번길 79,경기도 수원시 영통구 하동 982,수원-1986,01, ,N,37.29044056,127.0707761,7,55.3,22.6,Y, , ,,,N, ,Y, ,경기도 수원시청,031-5191-3294,2026-05-13,3740000,경기도 수원시
경기도,수원시,법조로,경기도 수원시 영통구 법조로 105,경기도 수원시 영통구 하동 990,수원-1985,01, ,N,37.29049301,127.0693374,7,8.2,22.5,Y, , ,,,N, ,Y, ,경기도 수원시청,031-5191-3294,2026-05-13,3740000,경기도 수원시
경기도,수원시,법조로,경기도 수원시 영통구 센트럴파크로 34,경기도 수원시 영통구 하동 1013,수원-1984,01, ,N,37.2897431,127.0624654,8,8.1,24.6,Y, , ,,,N, ,Y, ,경기도 수원시청,031-5191-3294,2026-05-13,3740000,경기도 수원시
경기도,수원시,법조로,경기도 수원시 영통구 센트럴파크로 33,경기도 수원시 영통구 하동 1014,수원-1983,01, ,N,37.28856214,127.0624271,8,10,29.3,Y, , ,,,N, ,Y, ,경기도 수원시청,031-5191-3294,2026-05-13,3740000,경기도 수원시
경기도,수원시,법조로,경기도 수원시 영통구 센트럴파크로 33,경기도 수원시 영통구 하동 1014,수원-1982,01, ,N,37.28856214,127.0624271,7,5.7,22.1,Y, , ,,,N, ,Y, ,경기도 수원시청,031-5191-3294,2026-05-13,3740000,경기도 수원시
경기도,수원시,법조로,,경기도 수원시 영통구 하동 1046-2,수원-1981,01, ,N,37.28682071,127.0596382,6,9.9,17.7,Y, , ,,,N, ,Y, ,경기도 수원시청,031-5191-3294,2026-05-13,3740000,경기도 수원시
경기도,수원시,법조로,,경기도 수원시 영통구 하동 1046-2,수원-1980,01, ,N,37.28682071,127.0596382,6,10,19.5,Y, , ,,,N, ,Y, ,경기도 수원시청,031-5191-3294,2026-05-13,3740000,경기도 수원시
경기도,수원시,법조로,,경기도 수원시 영통구 하동 1046-2,수원-1979,01, ,N,37.28682071,127.0596382,8,9.9,29.1,Y, , ,,,N, ,Y, ,경기도 수원시청,031-5191-3294,2026-05-13,3740000,경기도 수원시
경기도,수원시,반정로,,경기도 수원시 영통구 망포동 80-10,수원-1977,04, ,N,37.23777432,127.0445785,2,3.5,7.1,N, , ,,,N, ,Y, ,경기도 수원시청,031-5191-3294,2026-05-13,3740000,경기도 수원시
경기도,수원시,반달로,경기도 수원시 영통구 봉영로 1606,경기도 수원시 영통구 영통동 995-2,수원-1976,01, ,N,37.25386636,127.0744907,4,10,18.8,N, , ,,,N, ,Y, ,경기도 수원시청,031-5191-3294,2026-05-13,3740000,경기도 수원시
경기도,수원시,반달로,경기도 수원시 영통구 봉영로 1606,경기도 수원시 영통구 영통동 995-2,수원-1975,02, ,N,37.25386636,127.0744907,4,5.8,13.2,Y, , ,,,N, ,Y, ,경기도 수원시청,031-5191-3294,2026-05-13,3740000,경기도 수원시
경기도,수원시,반달로,경기도 수원시 영통구 반달로7번길 40,경기도 수원시 영통구 영통동 998-1,수원-1974,02, ,N,37.25354446,127.0752142,4,6.4,14.8,Y, , ,,,N, ,Y, ,경기도 수원시청,031-5191-3294,2026-05-13,3740000,경기도 수원시
경기도,수원시,반달로,경기도 수원시 영통구 청명남로 39,경기도 수원시 영통구 영통동 998-9,수원-1973,02, ,N,37.25322162,127.075711,4,6.5,12.4,Y, , ,,,N, ,Y, ,경기도 수원시청,031-5191-3294,2026-05-13,3740000,경기도 수원시
경기도,수원시,반달로,경기도 수원시 영통구 청명남로 44,경기도 수원시 영통구 영통동 1037-4,수원-1972,02, ,N,37.25334166,127.0764783,4,5.8,13,Y, , ,,,N, ,Y, ,경기도 수원시청,031-5191-3294,2026-05-13,3740000,경기도 수원시
경기도,수원시,반달로,경기도 수원시 영통구 반달로 100,경기도 수원시 영통구 영통동 1037-13,수원-1971,02, ,N,37.25261561,127.0776213,4,5.9,12.9,Y, , ,,,N, ,Y, ,경기도 수원시청,031-5191-3294,2026-05-13,3740000,경기도 수원시
경기도,수원시,반달로,경기도 수원시 영통구 청명로77번길 33,경기도 수원시 영통구 영통동 1034-1,수원-1970,02, ,N,37.25249916,127.0778249,4,5.8,13.2,Y, , ,,,N, ,Y, ,경기도 수원시청,031-5191-3294,2026-05-13,3740000,경기도 수원시
경기도,수원시,반달로,경기도 수원시 영통구 청명북로 1,경기도 수원시 영통구 영통동 1034-14,수원-1969,01, ,N,37.2520153,127.0786395,4,6.4,12.8,Y, , ,,,N, ,Y, ,경기도 수원시청,031-5191-3294,2026-05-13,3740000,경기도 수원시
경기도,수원시,반달로,경기도 수원시 영통구 청명북로 2,경기도 수원시 영통구 영통동 1030-2,수원-1968,01, ,N,37.25180018,127.078979,4,4.2,13.7,N, , ,,,N, ,Y, ,경기도 수원시청,031-5191-3294,2026-05-13,3740000,경기도 수원시
경기도,수원시,반달로,경기도 수원시 영통구 청명로43번길 18,경기도 수원시 영통구 영통동 1030-8,수원-1967,01, ,N,37.25132425,127.079489,4,5.9,12.8,N, , ,,,N, ,N, ,경기도 수원시청,031-5191-3294,2026-05-13,3740000,경기도 수원시
경기도,수원시,광교중앙로,경기도 수원시 영통구 광교중앙로 145,경기도 수원시 영통구 이의동 1336-1,수원-2064,01, ,N,37.2870876096,127.0577814221,10,8,36,Y, , ,,,N, ,Y, ,경기도 수원시청,031-5191-3294,2026-05-13,3740000,경기도 수원시
경기도,수원시,센트럴타운로,경기도 수원시 영통구 센트럴타운로 22,경기도 수원시 영통구 이의동 1328-1,수원-2058,02, ,N,37.28969068,127.0567254,5,8,25,Y, , ,,,N, ,Y, ,경기도 수원시청,031-5191-3294,2026-05-13,3740000,경기도 수원시
경기도,수원시,봉영로,경기도 수원시 영통구 청명로 107,경기도 수원시 영통구 영통동 996-2,수원-1999,01, ,N,37.25536803,127.0759821,13,10.2,46.7,Y, , ,,,N, ,Y, ,경기도 수원시청,031-5191-3294,2026-05-13,3740000,경기도 수원시
경기도,수원시,봉영로,경기도 수원시 영통구 봉영로 1526,경기도 수원시 영통구 영통동 988-2,수원-2044,01, ,N,37.24851981,127.0696446,11,8,40.5,Y, , ,,,N, ,Y, ,경기도 수원시청,031-5191-3294,2026-05-13,3740000,경기도 수원시
경기도,수원시,덕영대로,,경기도 수원시 영통구 망포동 41-1,수원-2043,01, ,N,37.24518845,127.0527165,12,8,36.9,Y, , ,,,N, ,Y, ,경기도 수원시청,031-5191-3294,2026-05-13,3740000,경기도 수원시
경기도,수원시,태장로,경기도 수원시 영통구 태장로35번길 64,경기도 수원시 영통구 망포동 704,수원-2036,01, ,N,37.24205597,127.0500465,1,4,7,Y, , ,,,N, ,Y, ,경기도 수원시청,031-5191-3294,2026-05-13,3740000,경기도 수원시
경기도,수원시,영통로,경기도 수원시 영통구 영통로200번길 75,경기도 수원시 영통구 영통동 1117,수원-2035,01, ,N,37.24428122,127.0609566,3,6,9.6,Y, , ,,,N, ,Y, ,경기도 수원시청,031-5191-3294,2026-05-13,3740000,경기도 수원시
경기도,수원시,광교로,,경기도 수원시 영통구 이의동 1381-1,수원-2008,01, ,N,37.28906823,127.0422078,1,4,8,Y, , ,,,N, ,Y, ,경기도 수원시청,031-5191-3294,2026-05-13,3740000,경기도 수원시
경기도,수원시,대학4로,,경기도 수원시 영통구 이의동 444-7,수원-2020,01, ,N,37.29763317,127.0487091,1,4,12.4,N, , ,,,N, ,Y, ,경기도 수원시청,031-5191-3294,2026-05-13,3740000,경기도 수원시
경기도,수원시,봉영로,,경기도 수원시 영통구 영통동 1047-3,수원-1998,01, ,N,37.25601831,127.0766135,13,9.9,47.2,Y, , ,,,N, ,Y, ,경기도 수원시청,031-5191-3294,2026-05-13,3740000,경기도 수원시
경기도,수원시,봉영로,,경기도 수원시 영통구 영통동 1047-1,수원-1997,99, ,N,37.25509229,127.0776112,11,4.4,51.8,N, , ,,,N, ,N, ,경기도 수원시청,031-5191-3294,2026-05-13,3740000,경기도 수원시
경기도,수원시,봉영로,,경기도 수원시 영통구 영통동 1048-2,수원-1996,01, ,N,37.25886309,127.079878,13,10.4,47.9,Y, , ,,,N, ,Y, ,경기도 수원시청,031-5191-3294,2026-05-13,3740000,경기도 수원시
경기도,수원시,봉영로,,경기도 수원시 영통구 영통동 1050-10,수원-1995,01, ,N,37.25994536,127.0798301,13,10,48.7,Y, , ,,,N, ,Y, ,경기도 수원시청,031-5191-3294,2026-05-13,3740000,경기도 수원시
경기도,수원시,신원로,경기도 수원시 영통구 신원로 88,경기도 수원시 영통구 신동 486,수원-2026,01, ,N,37.24746683,127.0502759,2,4,14,N, , ,,,N, ,Y, ,경기도 수원시청,031-5191-3294,2026-05-13,3740000,경기도 수원시
경기도,수원시,중부대로,,경기도 수원시 영통구 원천동 79-28,수원-2025,01, ,N,37.2748416,127.0456609,3,4,19.5,N, , ,,,N, ,Y, ,경기도 수원시청,031-5191-3294,2026-05-13,3740000,경기도 수원시
경기도,수원시,광교중앙로,경기도 수원시 영통구 광교중앙로266번길 20,경기도 수원시 영통구 하동 983-4,수원-2023,02, ,N,37.29282817,127.0686513,2,4,11.4,Y, , ,,,N, ,Y, ,경기도 수원시청,031-5191-3294,2026-05-13,3740000,경기도 수원시
경기도,수원시,중부대로,경기도 수원시 영통구 중부대로448번길 97,경기도 수원시 영통구 원천동 471,수원-2022,01, ,N,37.26650542,127.0594288,5,8,14.6,Y, , ,,,N, ,Y, ,경기도 수원시청,031-5191-3294,2026-05-13,3740000,경기도 수원시
경기도,수원시,인계로,경기도 수원시 영통구 인계로 220번길 16,경기도 수원시 영통구 매탄동 923-31,수원-2055,01, ,N,37.26431752,127.0411462,4,4,14,N, , ,,,N, ,Y, ,경기도 수원시청,031-5191-3294,2026-05-13,3740000,경기도 수원시
경기도,수원시,인계로,경기도 수원시 영통구 효원로 363,경기도 수원시 영통구 매탄동 1352,수원-2054,01, ,N,37.26153322,127.0395242,4,4,15.1,N, , ,,,N, ,Y, ,경기도 수원시청,031-5191-3294,2026-05-13,3740000,경기도 수원시
경기도,수원시,곡선로,,경기도 수원시 영통구 망포동 92-40,수원-2050,02, ,N,37.2399246,127.0429641,5,4,30,Y, , ,,,N, ,Y, ,경기도 수원시청,031-5191-3294,2026-05-13,3740000,경기도 수원시
경기도,수원시,매탄로,경기도 수원시 영통구 효원로 374,경기도 수원시 영통구 매탄동 1270-1,수원-1408,01, ,N,37.25881232,127.0423453,6,7.9,18.8,Y, , ,,,N, ,Y, ,경기도 수원시청,031-5191-3294,2026-05-13,3740000,경기도 수원시
경기도,수원시,매탄로,경기도 수원시 영통구 매탄로79번길 6-2,경기도 수원시 영통구 매탄동 1270-5,수원-1407,01, ,N,37.25828857,127.0421004,5,5.4,15,Y, , ,,,N, ,Y, ,경기도 수원시청,031-5191-3294,2026-05-13,3740000,경기도 수원시
경기도,수원시,매탄로,경기도 수원시 영통구 매탄로 73,경기도 수원시 영통구 매탄동 1273-3,수원-1406,02, ,N,37.25752074,127.0416765,5,7.8,15.5,Y, , ,,,N, ,Y, ,경기도 수원시청,031-5191-3294,2026-05-13,3740000,경기도 수원시
경기도,수원시,매탄로,경기도 수원시 영통구 매탄로 69,경기도 수원시 영통구 매탄동 1273-2,수원-1405,02, ,N,37.25731303,127.0415763,5,4.9,18.9,Y, , ,,,N, ,Y, ,경기도 수원시청,031-5191-3294,2026-05-13,3740000,경기도 수원시
경기도,수원시,매탄로,경기도 수원시 영통구 매탄로 55-2,경기도 수원시 영통구 매탄동 1165-5,수원-1404,04, ,N,37.25637276,127.040849,4,4.8,15.1,N, , ,,,N, ,Y, ,경기도 수원시청,031-5191-3294,2026-05-13,3740000,경기도 수원시
경기도,수원시,매탄로,경기도 수원시 영통구 매탄로 55-1,경기도 수원시 영통구 매탄동 1169-3,수원-1403,01, ,N,37.25623707,127.0407258,1,2.6,5.3,N, , ,,,N, ,Y, ,경기도 수원시청,031-5191-3294,2026-05-13,3740000,경기도 수원시
경기도,수원시,매탄로,경기도 수원시 영통구 매탄로 43,경기도 수원시 영통구 매탄동 1170-5,수원-1402,01, ,N,37.25525226,127.0401341,5,6.1,18.8,N, , ,,,N, ,Y, ,경기도 수원시청,031-5191-3294,2026-05-13,3740000,경기도 수원시
경기도,수원시,매탄로,경기도 수원시 영통구 권선로 815-1,경기도 수원시 영통구 매탄동 1172-9,수원-1401,01, ,N,37.25485355,127.0396002,7,6.6,17.5,Y, , ,,,Y, ,Y, ,경기도 수원시청,031-5191-3294,2026-05-13,3740000,경기도 수원시
경기도,수원시,매탄로,경기도 수원시 영통구 권선로 820,경기도 수원시 영통구 매탄동 1174-8,수원-1400,04, ,N,37.25447348,127.0392142,7,7.9,18.1,Y, , ,,,Y, ,Y, ,경기도 수원시청,031-5191-3294,2026-05-13,3740000,경기도 수원시
경기도,수원시,동탄원천로,,경기도 수원시 영통구 원천동 464,수원-1397,01, ,N,37.27004065,127.0604082,6,5.8,25.9,Y, , ,,,N, ,Y, ,경기도 수원시청,031-5191-3294,2026-05-13,3740000,경기도 수원시
경기도,수원시,동탄원천로,,경기도 수원시 영통구 매탄동 1356,수원-1396,01, ,N,37.26846496,127.0580573,7,7,23.7,Y, , ,,,N, ,Y, ,경기도 수원시청,031-5191-3294,2026-05-13,3740000,경기도 수원시
경기도,수원시,동탄원천로,경기도 수원시 영통구 동탄원천로1109번길 61,경기도 수원시 영통구 매탄동 1210,수원-1395,01, ,N,37.26963242,127.0550475,7,7,21.8,Y, , ,,,N, ,Y, ,경기도 수원시청,031-5191-3294,2026-05-13,3740000,경기도 수원시
경기도,수원시,동탄원천로,,경기도 수원시 영통구 매탄동 1228-4,수원-1394,04, ,N,37.26679348,127.0550494,8,5.2,21.5,Y, , ,,,Y, ,Y, ,경기도 수원시청,031-5191-3294,2026-05-13,3740000,경기도 수원시
경기도,수원시,동탄원천로,,경기도 수원시 영통구 매탄동 1229-3,수원-1393,01, ,N,37.26580804,127.0524754,8,5.8,25.6,Y, , ,,,N, ,Y, ,경기도 수원시청,031-5191-3294,2026-05-13,3740000,경기도 수원시
경기도,수원시,동탄원천로,경기도 수원시 영통구 동탄원천로 1035,경기도 수원시 영통구 매탄동 1217-7,수원-1392,01, ,N,37.26502826,127.0498262,7,8.4,21.1,Y, , ,,,N, ,Y, ,경기도 수원시청,031-5191-3294,2026-05-13,3740000,경기도 수원시
경기도,수원시,동탄원천로,,경기도 수원시 영통구 매탄동 1217-10,수원-1391,01, ,N,37.263522,127.0499143,7,5.9,24.6,Y, , ,,,N, ,Y, ,경기도 수원시청,031-5191-3294,2026-05-13,3740000,경기도 수원시
경기도,수원시,동탄원천로,,경기도 수원시 영통구 매탄동 1311,수원-1390,01, ,N,37.26179251,127.0489983,9,6.9,31.7,Y, , ,,,N, ,Y, ,경기도 수원시청,031-5191-3294,2026-05-13,3740000,경기도 수원시
경기도,수원시,동탄원천로,경기도 수원시 영통구 효원로 407,경기도 수원시 영통구 매탄동 1268,수원-1389,04, ,N,37.25959894,127.0465469,7,8.3,23.1,Y, , ,,,Y, ,Y, ,경기도 수원시청,031-5191-3294,2026-05-13,3740000,경기도 수원시
경기도,수원시,동탄원천로,경기도 수원시 영통구 동탄원천로915번길 36,경기도 수원시 영통구 매탄동 1277,수원-1388,04, ,N,37.25697937,127.0438285,6,8.5,25.1,Y, , ,,,Y, ,Y, ,경기도 수원시청,031-5191-3294,2026-05-13,3740000,경기도 수원시
경기도,수원시,동탄원천로,경기도 수원시 영통구 동탄원천로915번길 33,경기도 수원시 영통구 매탄동 1280,수원-1387,01, ,N,37.2560424,127.0439972,8,9.9,30.5,Y, , ,,,N, ,Y, ,경기도 수원시청,031-5191-3294,2026-05-13,3740000,경기도 수원시
경기도,수원시,동탄원천로,,경기도 수원시 영통구 매탄동 1351,수원-1386,01, ,N,37.25202539,127.0425791,9,10.9,32.1,Y, , ,,,N, ,Y, ,경기도 수원시청,031-5191-3294,2026-05-13,3740000,경기도 수원시
경기도,수원시,매탄로,경기도 수원시 영통구 매탄로 210-1,경기도 수원시 영통구 매탄동 200-10,수원-1419,01, ,N,37.26894491,127.0472692,4,8.5,12.6,Y, , ,,,N, ,Y, ,경기도 수원시청,031-5191-3294,2026-05-13,3740000,경기도 수원시
경기도,수원시,매탄로,경기도 수원시 영통구 매탄로196번길 1,경기도 수원시 영통구 매탄동 207-16,수원-1418,01, ,N,37.26778011,127.0467461,2,6.2,13.2,Y, , ,,,N, ,Y, ,경기도 수원시청,031-5191-3294,2026-05-13,3740000,경기도 수원시
경기도,수원시,매탄로,경기도 수원시 영통구 매원로 2,경기도 수원시 영통구 매탄동 208,수원-1417,01, ,N,37.26682301,127.0463233,3,7.4,14.4,Y, , ,,,N, ,Y, ,경기도 수원시청,031-5191-3294,2026-05-13,3740000,경기도 수원시
경기도,수원시,매탄로,경기도 수원시 영통구 매탄로178번길 1,경기도 수원시 영통구 매탄동 208-17,수원-1416,01, ,N,37.26620017,127.0460225,4,7.5,13.1,Y, , ,,,N, ,N, ,경기도 수원시청,031-5191-3294,2026-05-13,3740000,경기도 수원시
경기도,수원시,매탄로,경기도 수원시 영통구 매탄로 158,경기도 수원시 영통구 매탄동 832-22,수원-1415,01, ,N,37.26437596,127.0452101,4,6.9,17.6,Y, , ,,,N, ,Y, ,경기도 수원시청,031-5191-3294,2026-05-13,3740000,경기도 수원시
경기도,수원시,매탄로,경기도 수원시 영통구 인계로 254,경기도 수원시 영통구 매탄동 873,수원-1414,01, ,N,37.26380584,127.0446271,4,9.2,20.2,Y, , ,,,N, ,Y, ,경기도 수원시청,031-5191-3294,2026-05-13,3740000,경기도 수원시
경기도,수원시,매탄로,경기도 수원시 영통구 매탄로126번길 11,경기도 수원시 영통구 매탄동 1247,수원-1413,01, ,N,37.26262774,127.044736,4,5.6,14.7,Y, , ,,,N, ,Y, ,경기도 수원시청,031-5191-3294,2026-05-13,3740000,경기도 수원시
경기도,수원시,매탄로,경기도 수원시 영통구 매탄로126번길 11,경기도 수원시 영통구 매탄동 1247,수원-1412,02, ,N,37.26262774,127.044736,7,5.7,21.7,Y, , ,,,N, ,Y, ,경기도 수원시청,031-5191-3294,2026-05-13,3740000,경기도 수원시
경기도,수원시,매탄로,경기도 수원시 영통구 매탄로126번길 22,경기도 수원시 영통구 매탄동 1258,수원-1411,02, ,N,37.2614282,127.0451602,7,6.6,21.1,Y, , ,,,N, ,Y, ,경기도 수원시청,031-5191-3294,2026-05-13,3740000,경기도 수원시
경기도,수원시,매탄로,경기도 수원시 영통구 매탄로126번길 22,경기도 수원시 영통구 매탄동 1258,수원-1410,01, ,N,37.2614282,127.0451602,5,6.3,15.5,Y, , ,,,N, ,Y, ,경기도 수원시청,031-5191-3294,2026-05-13,3740000,경기도 수원시
경기도,수원시,매탄로,경기도 수원시 영통구 효원로 381,경기도 수원시 영통구 매탄동 1267-1,수원-1409,01, ,N,37.25932976,127.0433105,7,8,22.5,Y, , ,,,N, ,Y, ,경기도 수원시청,031-5191-3294,2026-05-13,3740000,경기도 수원시
